ticker,nearest_gex_value,implied_volatility,rating
NUE,14318.893789200003,0.3431796130952381,1
VLO,609251.8232146502,0.3973347966269841,5
ARCH,-12296.639999160001,0.6599776909722221,None
COP,15863.182003125,0.3184029365079365,1
AMR,-319.664232292545,0.9251151437114197,None
BXC,-186786.532737376,0.6965961123511905,None
SU,-15651.550796245003,0.41564662698412697,None
TA,-3160.4892221250007,0.4557879340277778,None
CVX,608733.9845640003,0.2900374503968254,2
LTHM,1191.8564872500003,2.884366572971781,4
MHO,-12221.278759079998,0.4703579513888889,4
XOM,-90231.28910039998,0.3126678720238095,3
HLIT,-33386.240904192,0.4778320436507937,None
SMCI,41359.181208576,0.9020382539682539,1
DINO,13729.5574687915,0.3902751488095238,2
MPC,-9979.651856748289,0.39999000496031745,3
TEX,166573.06726371674,0.5514234424603175,1
URI,-32017.16283054999,0.4339618055555555,3
ASC,4588.655430656,0.5512657936507936,None
PERI,-352972.54332240997,0.3818377579365079,None
TGLS,-107082.41896687499,0.945910346215781,None
ACLS,-40400.2496835,0.5568520461309524,None
CAAP,-109.10700999000002,1.1923724702380953,None
POWL,37208.030920494006,0.5849744965277778,1
UBER,-1179805.5507489303,0.456689429563492,5
CRM,460327.8010320001,0.506608492063492,1
AMPH,271.9816076250001,0.8720021577380952,None
GRBK,-4965.765311699999,0.42596903769841266,None
STRL,-616.5442232320001,0.6048953699737846,None
META,-2057607.4297921108,0.42542079861111104,3
GOOGL,-547335.4987971071,0.3203313492063492,3
TMUS,591293.3030899315,0.2599714781746032,5
ANF,46243.48859235001,0.8462519246031746,1
CLS,-592367.8272435002,0.5839221354166667,4
MFC,170688.76306482,0.20912062251984126,1
APP,-42511.75927450551,0.6469163888888889,5
CMCSA,137370.24951539625,0.33353606150793647,5
PEP,-379909.1255644801,0.22905560515873016,5
TWLO,-170610.9686795025,0.43308049603174603,5
OKTA,-282842.748441792,0.7554463095238095,5
CAH,-29450.659244940005,0.3545541666666666,4
RCL,-307440.50726066314,0.40178807043650794,3
EAT,81597.810026096,0.6597861954365078,2
GCT,-4597.9242570000015,0.6209152777777779,5
GM,-18268.731406564802,0.368095808531746,3
SFM,-86711.18399856001,0.37299045634920636,4
