Ticker,Date,SA Analysts Rating,Wall Street Rating,Quant Rating
NUE,2024-08-01,3.33333,3.64286,2.724511930585683
VLO,2024-08-01,4.0,4.05263,3.181851048445409
ARCH,2024-08-01,3.0,4.33333,2.685827910339841
COP,2024-08-01,4.1,4.22222,3.155820679681851
AMR,2024-08-01,3.66667,4.0,2.865509761388287
BXC,2024-08-01,3.0,5.0,2.800072306579899
SU,2024-08-01,4.0,3.73913,4.466836734693878
CVX,2024-08-01,3.7,3.91667,3.33116413593637
MHO,2024-08-01,2.0,4.0,4.884615384615385
XOM,2024-08-01,4.0,3.92593,3.426608821402747
HLIT,2024-08-01,3.0,4.66667,4.596816976127321
SMCI,2024-08-01,3.77778,3.88235,4.927055702917772
DINO,2024-08-01,3.0,3.70588,2.940708604483008
MOD,2024-08-01,3.25,4.66667,3.392624728850326
MPC,2024-08-01,5.0,4.11111,3.157989877078814
TEX,2024-08-01,4.0,3.2,3.943877551020408
JXN,2024-08-01,4.25,3.0,3.497469269703543
URI,2024-08-01,3.25,3.54167,3.274403470715835
ASC,2024-08-01,3.75,5.0,4.854111405835543
PERI,2024-08-01,2.75,3.0,1.375809935205184
TGLS,2024-08-01,4.0,4.66667,2.660159074475777
ACLS,2024-08-01,3.25,4.42857,1.775167785234899
CAAP,2024-08-01,4.5,4.25,4.198979591836735
POWL,2024-08-01,3.66667,3.0,4.950928381962865
UBER,2024-08-01,3.57143,4.5102,3.129790310918294
CRM,2024-08-01,3.96154,4.21569,3.375632682574114
AMPH,2024-08-01,3.0,4.0,2.672812725958062
GRBK,2024-08-01,3.0,3.0,4.769230769230769
STRL,2024-08-01,3.6,3.0,4.741379310344827
META,2024-08-01,3.73333,4.48438,3.478308026030369
GOOGL,2024-08-01,4.08333,4.37705,3.487707881417209
TMUS,2024-08-01,3.33333,4.40741,3.434562545191612
ANF,2024-08-01,2.85714,3.55556,4.970822281167108
CLS,2024-08-01,4.11111,4.22222,4.93236074270557
MFC,2024-08-01,4.0,3.8,4.570291777188329
APP,2024-08-01,4.18182,4.25,4.911140583554377
CMCSA,2024-08-01,3.5,3.83333,3.390817064352856
MHO,2024-08-01,2.0,4.0,4.884615384615385
MOD,2024-08-01,3.25,4.66667,3.392624728850326
PEP,2024-08-01,3.36364,3.65217,3.880102040816327
TWLO,2024-08-01,3.57143,3.46875,4.611405835543767
OKTA,2024-08-01,3.77778,3.89744,4.69761273209549
CAH,2024-08-01,3.33333,3.47059,3.380332610267534
RCL,2024-08-01,4.0,4.3913,4.862068965517241
SMCI,2024-08-01,3.77778,3.88235,4.927055702917772
EAT,2024-08-01,3.5,3.21053,4.938992042440319
GCT,2024-08-01,4.30769,4.6,4.685676392572944
GM,2024-08-01,3.625,4.03448,4.941644562334218
BLBD,2024-08-01,4.0,4.57143,4.952254641909814
SKYW,2024-08-01,4.0,4.25,4.931034482758621
SFM,2024-08-01,4.0,3.23077,3.492407809110629
BRK.B,2024-08-01,3.55556,4.66667,4.982758620689655
ATGE,2024-08-01,4.0,4.33333,4.840848806366048
