ID,Buy Price,Sell Price,Total Return,Price Return,Created At,Removed At,Article Title,Ticker ID,Ticker Symbol,Company Name,Sector,Rating,Holding %
41,104.24,166.65,59.87145049884881,59.87145049884881,2022-07-01T00:00:00-04:00,2023-07-24T17:28:41-04:00,Alpha Picks: Nucor Removed Due To Hold Rating,1749,nue,Nucor Corporation,,N/A,N/A
47,107.79,148.75,37.99981445403099,37.99981445403099,2022-07-01T00:00:01-04:00,2024-07-15T07:01:06-04:00,A Refined Company To Fuel Your Portfolio,813,vlo,Valero Energy Corporation,,N/A,N/A
67,143.09,,,,2022-07-01T00:00:02-04:00,,ARCH: The “Dirty Energy” Stock With Upside Potential,2838,arch,"Arch Resources, Inc.",,N/A,2.32
68,91.93,117.38,30.25111422793019,30.25111422793019,2022-07-01T00:00:03-04:00,2023-08-01T02:25:51-04:00,Selling ConocoPhillips,919,cop,ConocoPhillips,,N/A,N/A
77,127.13,,,,2022-07-01T00:00:04-04:00,,Coal: The Not-So-New Alternative To Alternative Fuel,575975,amr,"Alpha Metallurgical Resources, Inc.",,N/A,3.6999999999999997
83,73.09,89.18,22.01395539745519,22.01395539745519,2022-07-15T00:00:05-04:00,2024-07-01T15:24:44-04:00,Wood You Build A Portfolio With This Stock?,6194,bxc,BlueLinx Holdings Inc.,,N/A,N/A
93,33.44,33.51,0.2093301435406699,0.2093301435406699,2022-08-01T00:00:06-04:00,2023-10-23T08:42:23-04:00,An Energy Company That Outshines,1974,su,Suncor Energy Inc.,,N/A,N/A
100,53.82,84.43,56.87476774433296,56.87476774433296,2022-08-15T00:00:07-04:00,2023-02-16T14:04:06-05:00,BP To Acquire TravelCenters Of America In $1.3B Deal,6462,ta-defunct-6462,TravelCenters of America Inc.,,N/A,N/A
110,156.48,156.62,0.08946830265848671,0.08946830265848671,2022-09-01T00:00:08-04:00,2023-05-12T00:00:00-04:00,Chevron Removed Due To Hold Rating,1627,cvx,Chevron Corporation,,N/A,N/A
122,14.37655860349127,9.812967581047381,-30.90488580514599,-30.90488580514599,2022-09-15T07:43:52-04:00,2023-05-25T17:41:52-04:00,Allkem Limited Merges With Livent Corp. In $10.6B Deal,765034,lthm-defunct-765034,Livent Corporation,,N/A,N/A
134,36.92,,,,2022-10-03T07:40:58-04:00,,"Build Your Portfolio With M/I Homes, Inc.",6151,mho,"M/I Homes, Inc.",,N/A,6.370000000000001
157,101.07,103.0,1.909567626397546,1.909567626397546,2022-10-17T07:22:31-04:00,2024-01-26T07:57:12-05:00,A Crude Reality: Exxon Mobil Removed From AP Portfolio Due To Hold Rating,1198,xom,Exxon Mobil Corporation,,N/A,N/A
178,15.6,10.64,-31.7948717948718,-31.7948717948718,2022-11-01T08:30:11-04:00,2023-08-07T08:50:49-04:00,Harmonic Downgraded To Sell,4126,hlit,Harmonic Inc.,,N/A,N/A
195,85.25,,,,2022-11-15T07:33:38-05:00,,Super Micro Is The Superman Of Tech Stocks,7098,smci,"Super Micro Computer, Inc.",,N/A,6.74
201,63.04,,,,2022-12-01T07:17:39-05:00,,This Stock Is DINO-Mite!,34913,dino,HF Sinclair Corporation,,N/A,1.8900000000000001
220,20.59,,,,2022-12-15T07:23:44-05:00,,You Auto Consider This Stock,1836,mod,Modine Manufacturing Company,,N/A,8.290000000000001
241,115.65,171.96,48.69001297016861,48.69001297016861,2023-01-03T06:36:16-05:00,2024-07-29T08:20:37-04:00,This Stock Hasn’t Run Out Of Steam,34887,mpc,Marathon Petroleum Corporation,,N/A,N/A
253,48.12,,,,2023-01-17T07:17:57-05:00,,Give Your Portfolio A Lift With This Top Stock,2210,tex,Terex Corporation,,N/A,2.4
269,45.01,48.65,8.198178182626084,8.198178182626084,2023-02-01T06:16:49-05:00,2024-01-16T00:00:00-05:00,This Top Stock Wants To Help You Retire,612634,jxn,Jackson Financial Inc.,,N/A,N/A
287,451.78,,,,2023-02-15T07:27:58-05:00,,Construct Your Portfolio With This Industrial Pick,3275,uri,"United Rentals, Inc.",,N/A,3.11
302,18.7,,,,2023-03-01T08:49:42-05:00,,Your Ship Is Set To Sail With A Strong Buy-Rated Stock,108282,asc,Ardmore Shipping Corporation,,N/A,2.58
306,34.3,23.89,-30.63298490127758,-30.63298490127758,2023-03-15T07:10:02-04:00,2024-02-09T10:29:51-05:00,A Digital Advertising Stock For Your Go-To Markets Strategy,35587,peri,Perion Network Ltd.,,N/A,N/A
313,43.26,46.83,9.082909975910068,8.377690349456145,2023-04-03T06:36:38-04:00,2024-02-05T09:08:38-05:00,It’s Crystal Clear This Stock Shatters Results,144883,tgls,Tecnoglass Inc.,,N/A,N/A
319,125.692,116.78,-7.302746467693285,-7.302746467693285,2023-04-17T07:13:20-04:00,2024-02-16T09:56:48-05:00,Axcelis Technologies Downgraded To Sell: Removed From AP Portfolio,1995,acls,"Axcelis Technologies, Inc.",,N/A,N/A
322,11.31,,,,2023-05-01T08:08:52-04:00,,Top Stock Ready To Take Flight,577916,caap,Corporación América Airports S.A.,,N/A,2.54
330,54.65,,,,2023-05-15T07:12:01-04:00,,Brighten Your Future With An Electric Stock,4701,powl,"Powell Industries, Inc.",,N/A,4.72
349,37.5,,,,2023-06-01T07:11:26-04:00,,Drive Your Portfolio Above And Beyond,518266,uber,"Uber Technologies, Inc.",,N/A,2.6
356,207.95,,,,2023-06-15T05:58:56-04:00,,An AI Force To Reckon With,1273,crm,"Salesforce, Inc.",,N/A,2.1399999999999997
363,58.75,,,,2023-07-03T06:24:23-04:00,,Are You Ready To Boost Your Portfolio’s Health?,157263,amph,"Amphastar Pharmaceuticals, Inc.",,N/A,1.51
371,57.24,,,,2023-07-17T04:54:49-04:00,,Develop Your Portfolio With A Top-Ranked Stock,463745,grbk,"Green Brick Partners, Inc.",,N/A,2.48
378,62.43,,,,2023-08-01T03:06:49-04:00,,Rehab Your Portfolio With A Strong Infrastructure,5804,strl,"Sterling Infrastructure, Inc.",,N/A,2.86
386,306.14,,,,2023-08-15T05:25:04-04:00,,A Reel Strong Buy Stock For Your Portfolio,36222,meta,"Meta Platforms, Inc.",,N/A,2.5
433,137.455,,,,2023-09-01T07:38:37-04:00,,This Top Stock Drives Results For Portfolios,148893,googl,Alphabet Inc.,,N/A,2.07
452,143.97,,,,2023-09-15T06:11:57-04:00,,Stock Picking A Potential Dividend Aristocrat,7332,tmus,"T-Mobile US, Inc.",,N/A,2.17
523,56.95,,,,2023-10-02T07:17:41-04:00,,Dress Up Your Portfolio With This Top Apparel Retailer,1027,anf,Abercrombie & Fitch Co.,,N/A,3.51
589,27.3,,,,2023-10-16T10:43:42-04:00,,Energize Your Portfolio With A High-Voltage Company,1188,cls,Celestica Inc.,,N/A,2.83
641,17.6,,,,2023-11-01T07:45:45-04:00,,Treat Yourself And Portfolio Post-Halloween,3896,mfc,Manulife Financial Corporation,,N/A,2.29
699,42.44,,,,2023-11-15T07:34:03-05:00,,You’ll Love This Stock!,609552,app,AppLovin Corporation,,N/A,2.67
731,42.245,,,,2023-12-01T04:23:07-05:00,,Broaden Your Portfolio With A Top Communications Stock,651,cmcsa,Comcast Corporation,,N/A,1.63
786,123.72,,,,2023-12-15T07:17:23-05:00,,Could Second Time Around Be Twice As Good?,6151,mho,"M/I Homes, Inc.",,N/A,6.370000000000001
822,59.77,,,,2024-01-02T07:35:42-05:00,,A Top Stock With More Potential Upside,1836,mod,Modine Manufacturing Company,,N/A,8.290000000000001
878,167.27,,,,2024-01-16T07:35:59-05:00,,Refresh Your Portfolio In 2024 With This Stock,1032,pep,"PepsiCo, Inc.",,N/A,1.77
936,71.775,,,,2024-02-01T08:06:40-05:00,,A Ready-Made Solution For Your Portfolio,555356,twlo,Twilio Inc.,,N/A,1.3
993,89.36,,,,2024-02-15T07:16:00-05:00,,Secure This Stock For Your Portfolio,555326,okta,"Okta, Inc.",,N/A,1.48
1076,114.45,,,,2024-03-01T07:26:32-05:00,,Top Healthcare Stock: Bring Life To Your Portfolio,2727,cah,"Cardinal Health, Inc.",,N/A,1.35
1151,128.75,,,,2024-03-15T05:24:05-04:00,,Cruise To New Heights With A Top Stock,1877,rcl,Royal Caribbean Cruises Ltd.,,N/A,1.6199999999999999
1187,85.25,910.97,968.5865102639297,968.5865102639297,2024-03-19T06:33:24-04:00,2024-03-19T06:33:24-04:00,Mitigate Concentration Risks: Alpha Picks,7098,smci,"Super Micro Computer, Inc.",,N/A,6.74
1320,51.25,,,,2024-04-01T06:21:03-04:00,,Eat Up This Top Restaurant Stock,1013,eat,"Brinker International, Inc.",,N/A,1.54
2906,33.362,,,,2024-04-15T07:08:24-04:00,,Bulk Up Your Stock Portfolio,624261,gct,GigaCloud Technology Inc.,,N/A,1.0699999999999998
3704,44.5,,,,2024-05-01T07:23:17-04:00,,This Stock’s Putting The Pedal To The Metal,692,gm,General Motors Company,,N/A,1.25
3844,52.83,,,,2024-05-15T05:42:54-04:00,,Don’t Miss The Bus!,489846,blbd,Blue Bird Corporation,,N/A,1.21
4574,80.005,,,,2024-06-03T07:55:47-04:00,,Top Airline Stock For Portfolios,1851,skyw,"SkyWest, Inc.",,N/A,1.22
4641,78.97,,,,2024-06-17T04:06:58-04:00,,Bag This Consumer Staple Ready For Growth,107232,sfm,"Sprouts Farmers Market, Inc.",,N/A,1.6199999999999999
4674,408.09,,,,2024-07-01T07:00:23-04:00,,Top Financial Stock,6699,brk.b,Berkshire Hathaway Inc.,,N/A,1.35
4862,76.91,,,,2024-07-15T07:20:19-04:00,,Pop Quiz! Guess The New Alpha Picks Stock,3010,atge,Adtalem Global Education Inc.,,N/A,1.23
4970,226.68,,,,2024-08-01T12:00:09-04:00,,Reinsurance Company Ready To Rally,7528,rga,"Reinsurance Group of America, Incorporated",,N/A,1.08
