Date,NAV Premium,MSTR/BTC Ratio
2020-08-06,0,0.01047133878495879
2020-08-07,0,0.010635718675178292
2020-08-08,0,0.010497661865183888
2020-08-09,0,0.01056806739728154
2020-08-10,0,0.010407378692761912
2020-08-11,5.337260128738896,0.011821541495405232
2020-08-12,5.340697776033007,0.01182915556876004
2020-08-13,5.248884516359442,0.011625797622383175
2020-08-14,5.625126612031737,0.012459139344357516
2020-08-15,5.5792241326052485,0.012357469563947088
2020-08-16,5.566508250879521,0.012329305052597541
2020-08-17,5.299462058382871,0.01173782223751222
2020-08-18,5.389412358208326,0.01193705389875074
2020-08-19,5.439741111499679,0.01204852746966442
2020-08-20,5.4786284730319705,0.01213465940757119
2020-08-21,5.650346866405976,0.012514999893856382
2020-08-22,5.607136235697933,0.012419292311382139
2020-08-23,5.615297111628388,0.012437367902813641
2020-08-24,5.697162598021109,0.01261869244407443
2020-08-25,5.8375501037062865,0.012929637888715123
2020-08-26,5.740072633407984,0.012713734235491688
2020-08-27,5.8420387060478625,0.012939579731075701
2020-08-28,5.745616101809233,0.012726012509391245
2020-08-29,5.763409278229476,0.012765422762651033
2020-08-30,5.662702529585061,0.012542366554174907
2020-08-31,5.582881412593625,0.01236557010356855
2020-09-01,5.612987423338435,0.012432252155163623
2020-09-02,5.933300569387056,0.013141716385162146
2020-09-03,6.358077856861921,0.014082559103910484
2020-09-04,6.107109046139139,0.013526686214366148
2020-09-05,6.312637377529019,0.013981912611319177
2020-09-06,6.244610486689488,0.013831239289527581
2020-09-07,6.190886561342825,0.013712245724015963
2020-09-08,6.186170158380563,0.01370179932418111
2020-09-09,6.221937005668923,0.013781019609342493
2020-09-10,6.087115330054947,0.013482401967648631
2020-09-11,6.1262126369474625,0.013568998915265962
2020-09-12,6.1020086501032065,0.0135153893051042
2020-09-13,6.171999611000012,0.013670412861870651
2020-09-14,3.381397206519381,0.013352884537492213
2020-09-15,3.652986051181191,0.014425368561980116
2020-09-16,4.035618551016273,0.015936355671314434
2020-09-17,3.784050065007775,0.01494293054501851
2020-09-18,3.6925588443017268,0.01458163856076813
2020-09-19,3.6427136060862924,0.014384803444990766
2020-09-20,3.694690487291842,0.014590056259424559
2020-09-21,3.68295240997229,0.01454370347045379
2020-09-22,3.706543648204028,0.014636863504890893
2020-09-23,3.664725178939338,0.014471725499054289
2020-09-24,3.4374582595277707,0.013574265440755514
2020-09-25,3.460767552477141,0.013666312094370602
2020-09-26,3.442094560547402,0.013592573846546122
2020-09-27,3.4342535220239165,0.013561610172164342
2020-09-28,3.581324671843209,0.01414238313741875
2020-09-29,3.495414847113266,0.013803131668220333
2020-09-30,3.535338754859282,0.013960788192390348
2020-10-01,3.552128488187105,0.014027089592920716
2020-10-02,3.5068706398365377,0.013848369736443837
2020-10-03,3.5157282978100053,0.013883347964959636
2020-10-04,3.4761035007756935,0.013726872606607586
2020-10-05,3.4773048890050973,0.01373161679882523
2020-10-06,3.5829584750423327,0.014148834903994064
2020-10-07,3.6336698506494423,0.014349090331517806
2020-10-08,3.803251251302576,0.015018754592865663
2020-10-09,3.7701934809593576,0.014888211931504003
2020-10-10,3.6927950726525887,0.014582571408848638
2020-10-11,3.6643079641790623,0.014470077949186276
2020-10-12,3.647937594027742,0.014405432582458836
2020-10-13,3.680849327425927,0.014535398554852553
2020-10-14,3.6389203947301536,0.014369824337192616
2020-10-15,3.6561879165122817,0.014438012488575968
2020-10-16,3.683721735219632,0.014546741478286685
2020-10-17,3.672052985888641,0.01450066246035491
2020-10-18,3.631999086208565,0.014342492607764632
2020-10-19,3.5399088120573556,0.013978835006286675
2020-10-20,3.5928986355624573,0.01418808785406259
2020-10-21,3.5752518498723633,0.014118402017887123
2020-10-22,3.5751021057427588,0.014117810689524717
2020-10-23,3.6090776180682322,0.014251977445299375
2020-10-24,3.5604749517820657,0.014060049153088628
2020-10-25,3.5814830508142403,0.014143008564123802
2020-10-26,3.389293728904965,0.013384067313493545
2020-10-27,3.256336586960347,0.012859029509180428
2020-10-28,3.0940337855016486,0.012218107891391453
2020-10-29,3.0520948954796028,0.012052494352995177
2020-10-30,3.1231422541062264,0.012333055055714756
2020-10-31,3.070004476032886,0.012123217946420352
2020-11-01,3.079812174382791,0.01216194781329087
2020-11-02,3.11288390842474,0.012292545616253911
2020-11-03,3.121330074080452,0.012325898892398993
2020-11-04,3.0912179760920284,0.012206988470740796
2020-11-05,2.9530103262612366,0.011661216803682392
2020-11-06,3.019758071229478,0.01192479865380651
2020-11-07,3.168799661769304,0.012513352742017585
2020-11-08,3.036596126910213,0.011991290875692548
2020-11-09,3.0556847077738256,0.012066670253118238
2020-11-10,3.082674637798474,0.012173251467120333
2020-11-11,3.0991841373987024,0.012238446245630412
2020-11-12,2.908482710570696,0.011485380581336411
2020-11-13,2.9838074724024044,0.011782832429233399
2020-11-14,3.030170464018148,0.011965916413766228
2020-11-15,3.0515452986769387,0.012050324036347964
2020-11-16,3.089348799834671,0.01219960723357156
2020-11-17,2.987928172120099,0.011799104764065276
2020-11-18,3.029014966109663,0.011961353438991905
2020-11-19,3.085774277230784,0.012185491711291498
2020-11-20,3.0205002443195395,0.011927729439802108
2020-11-21,3.017111018807798,0.011914345641873086
2020-11-22,3.0618224755086016,0.012090907838611714
2020-11-23,3.0441869691305947,0.012021266543595645
2020-11-24,3.276568019236499,0.012938921921314293
2020-11-25,3.6536922436478063,0.014428157263186168
2020-11-26,3.990607534212962,0.015758610534147184
2020-11-27,4.015109684213209,0.015855367690994306
2020-11-28,3.877095815985792,0.015310361252986888
2020-11-29,3.778966908439803,0.014922857540105848
2020-11-30,4.422783924594126,0.017465242759862536
2020-12-01,4.363540439051273,0.017231294668663105
2020-12-02,4.237726655588472,0.01673446545245484
2020-12-03,4.3183593535123705,0.017052877942785306
2020-12-04,4.441797714197305,0.017540326792197428
2020-12-05,3.887158720423761,0.01712415440208521
2020-12-06,3.848801650751263,0.016955179469306598
2020-12-07,3.976809639447546,0.017519094843180646
2020-12-08,3.586279308466181,0.015798686141759447
2020-12-09,3.50164684251226,0.01542585356180599
2020-12-10,3.608241043521655,0.015895434478803587
2020-12-11,3.5939853141232065,0.015832633515711767
2020-12-12,3.451639190230635,0.015205554155337975
2020-12-13,3.3905620563466736,0.01493649020753196
2020-12-14,3.29682986987202,0.014523570502143129
2020-12-15,3.34107593409953,0.014718488304582096
2020-12-16,3.186199421397693,0.01403620864802265
2020-12-17,2.964248787645019,0.013058446432641048
2020-12-18,2.954969758610718,0.013017569396915715
2020-12-19,2.86436765691175,0.012618438697545297
2020-12-20,2.9122594861864997,0.012829417239478802
2020-12-21,1.831560949464151,0.013927942094330382
2020-12-22,1.832950702779905,0.01393851034962808
2020-12-23,1.9078092455780642,0.014507765470329219
2020-12-24,1.7873336182326183,0.013591619293519538
2020-12-25,1.7200251148472627,0.013079777775015039
2020-12-26,1.6047206736450006,0.01220295542260898
2020-12-27,1.6147831822643992,0.01227947487308956
2020-12-28,1.7964303187487793,0.01366079434230818
2020-12-29,1.7593157401023847,0.01337855983496422
2020-12-30,1.7780993124408275,0.013521397837669525
2020-12-31,1.7618038581616031,0.013397480507117001
2021-01-01,1.7394661411893484,0.013227615328128484
2021-01-02,1.5904042665265739,0.012094087579907572
2021-01-03,1.5586390975988962,0.011852532182272153
2021-01-04,1.7489583623854736,0.013299798078697
2021-01-05,1.6581918801591229,0.012609572449610218
2021-01-06,1.7160808583887202,0.013049784028109787
2021-01-07,1.7894504731106913,0.013607716727881483
2021-01-08,1.7136312317050144,0.013031156060193477
2021-01-09,1.7367493371865532,0.013206955634087919
2021-01-10,1.8226940519176904,0.013860514561755181
2021-01-11,1.8320033807311302,0.013931306523490665
2021-01-12,1.9934553719814316,0.015159053809654642
2021-01-13,1.8298691406426584,0.013915076884844826
2021-01-14,2.1174742063511167,0.016102143988669805
2021-01-15,2.0642760503419297,0.015697603349911438
2021-01-16,2.101205927583621,0.015978433311875567
2021-01-17,2.123917590314174,0.016151142128073934
2021-01-18,2.075281722778827,0.015781295005630087
2021-01-19,2.1590683191101596,0.016418442714159934
2021-01-20,2.0376613707666476,0.015495214389777658
2021-01-21,2.2202857015923545,0.016883964846321535
2021-01-22,2.288823207461271,0.01748270602611405
2021-01-23,2.355781321242009,0.017994151827378076
2021-01-24,2.3396037942120125,0.017870583109456585
2021-01-25,2.3113447077096714,0.01765473188063453
2021-01-26,2.2502381865687604,0.01718798226803775
2021-01-27,2.3234827441379053,0.01774744577916427
2021-01-28,2.26262087696327,0.017282564905645535
2021-01-29,2.3550782991192083,0.017988781937269174
2021-01-30,2.358298848622871,0.018013381443264892
2021-01-31,2.440565941508894,0.01864176173749681
2021-02-01,2.477135692954357,0.018921092273767554
2021-02-02,2.612914120069252,0.0193724129279652
2021-02-03,2.667860126968428,0.019779788251255752
2021-02-04,2.796434421253611,0.02073305123899921
2021-02-05,2.8500121585473863,0.021130282071282955
2021-02-06,2.768596516759554,0.020526658163633287
2021-02-07,2.7943991416169696,0.020717961467298693
2021-02-08,3.0393688281754514,0.022534191815780005
2021-02-09,3.6937958029219,0.027386180439750257
2021-02-10,2.9261201432398978,0.021694554465562604
2021-02-11,2.8432619740507628,0.021080235512001062
2021-02-12,2.936663605667644,0.021772724775972717
2021-02-13,2.961559104602996,0.0219573025551347
2021-02-14,2.863578235998801,0.021230862359086135
2021-02-15,2.909700660881517,0.021572818741503845
2021-02-16,2.618067412028277,0.01941061996240304
2021-02-17,2.435869674914391,0.018059787276858245
2021-02-18,2.421394993843921,0.01795247050875478
2021-02-19,2.3258016625009206,0.01724373175851705
2021-02-20,2.3170378872314106,0.017178756230992118
2021-02-21,2.2590343369886177,0.016748711968166678
2021-02-22,2.1796541339373054,0.016160179011800325
2021-02-23,1.909531558582635,0.014157462569364255
2021-02-24,1.7420957626509033,0.01645075023193327
2021-02-25,1.6451357101865212,0.015535148667562594
2021-02-26,1.7148696601788158,0.01619365195917484
2021-02-27,1.7204873957640276,0.0162467006875873
2021-02-28,1.7605356280704871,0.016624879362393034
2021-03-01,1.6634570098518164,0.01576506990265236
2021-03-02,1.6324906532668517,0.015471592660198154
2021-03-03,1.5273952671887188,0.01447557286638599
2021-03-04,1.4029119702823167,0.013295808156015219
2021-03-05,1.3345823676391806,0.012676765952996273
2021-03-06,1.3349895134399372,0.012680633299178937
2021-03-07,1.2751754963820507,0.012112479310832256
2021-03-08,1.2577557798805812,0.0119470150619322
2021-03-09,1.3749034894556207,0.013059763238606642
2021-03-10,1.422067475512726,0.013507758676845451
2021-03-11,1.4638331607203996,0.013904477402554962
2021-03-12,1.4355141804537068,0.013674715192428433
2021-03-13,1.3438419489465177,0.012801445061081513
2021-03-14,1.3878214706141763,0.01322039420229751
2021-03-15,1.4439543182694117,0.013755115987060869
2021-03-16,1.33849223298942,0.012750483640379576
2021-03-17,1.3747929671244479,0.01309628461353031
2021-03-18,1.3281881399309352,0.01265232679887312
2021-03-19,1.3980304063338709,0.013317644574523375
2021-03-20,1.3988217464377608,0.013325182884272167
2021-03-21,1.418037930038457,0.013508236344421118
2021-03-22,1.3948736359840452,0.01328757316453694
2021-03-23,1.2987218529730828,0.012371630803379963
2021-03-24,1.2363944549340387,0.011777899700981746
2021-03-25,1.2606436613283296,0.012008897761188674
2021-03-26,1.1880321480934304,0.011317200126502357
2021-03-27,1.1702839039046915,0.011148130264461726
2021-03-28,1.1707600770812776,0.01115266629250015
2021-03-29,1.1476224481369286,0.010932257124586488
2021-03-30,1.165219998167895,0.01109989147333386
2021-03-31,1.2094192971062427,0.011520934213918897
2021-04-01,1.2497802473034305,0.011905412825386107
2021-04-02,1.2437085009427882,0.011847573339484123
2021-04-03,1.2821490610712212,0.012213758305645587
2021-04-04,1.2569535563236887,0.01197374580263911
2021-04-05,1.3825438997562716,0.012200742748258676
2021-04-06,1.3720091767430542,0.012107775396241076
2021-04-07,1.3266657278694887,0.01170762625441439
2021-04-08,1.3408195032185428,0.011832531200999375
2021-04-09,1.38325924705904,0.012207055581014493
2021-04-10,1.3474424170303165,0.011890977422978719
2021-04-11,1.3382275109271844,0.011809657257424848
2021-04-12,1.358885578072162,0.011991961604474195
2021-04-13,1.5141454656377322,0.013362106847344986
2021-04-14,1.3206242074409955,0.011654310741923692
2021-04-15,1.3246848994690128,0.011690145740597136
2021-04-16,1.2765135760834607,0.011265041029944614
2021-04-17,1.29521346465747,0.011430064744528151
2021-04-18,1.3981472261369037,0.012338439765489572
2021-04-19,1.296409287083275,0.011440617698248043
2021-04-20,1.2971389744744881,0.011447057080135596
2021-04-21,1.3673365998477696,0.012066540605301799
2021-04-22,1.3095610066369205,0.011556679652591452
2021-04-23,1.3596104957135862,0.011998358894034583
2021-04-24,1.387937310469873,0.012248338789631361
2021-04-25,1.4175803211656222,0.012509933917168703
2021-04-26,1.381945001910633,0.012195457564512676
2021-04-27,1.3939615501021665,0.012301501801685037
2021-04-28,1.4071768488331065,0.012418124832741058
2021-04-29,1.38592486453727,0.012230579255830808
2021-04-30,1.2894676552533835,0.011379358837517067
2021-05-01,1.2877311745611204,0.011364034655610542
2021-05-02,1.3149490742653802,0.011604228542038396
2021-05-03,1.2591920051674084,0.011112180762158738
2021-05-04,1.3106687673457205,0.01156645547485437
2021-05-05,1.230271030953632,0.010856957498381352
2021-05-06,1.223812088755467,0.010799958301321808
2021-05-07,1.225813955815259,0.010817624478154991
2021-05-08,1.1956422125286572,0.010551363364731232
2021-05-09,1.2073756083791591,0.010654908824922909
2021-05-10,1.1551983197898739,0.010194452071620718
2021-05-11,1.1529760549655053,0.010174840917540617
2021-05-12,1.2493022879961309,0.01102490549004545
2021-05-13,1.0416507347859232,0.009817324552960574
2021-05-14,1.108903937098532,0.010451170901146074
2021-05-15,1.1829020535759693,0.011148586552579451
2021-05-16,1.1906460318351006,0.011221571810845111
2021-05-17,1.1925729916312513,0.011239732974743493
2021-05-18,1.201717449419385,0.01135415516403702
2021-05-19,1.3010527226673432,0.01229270199654267
2021-05-20,1.2266481667171478,0.011589707400285488
2021-05-21,1.2781980643142576,0.012076764933061264
2021-05-22,1.2702999915706537,0.012002141781445168
2021-05-23,1.3713542184152872,0.012956929757712074
2021-05-24,1.2918893969963134,0.012206124389187677
2021-05-25,1.2944462275718425,0.01223028202382695
2021-05-26,1.300401235520827,0.012286546567783194
2021-05-27,1.3598577329383985,0.012848307818329604
2021-05-28,1.3934978884242424,0.013166149208843774
2021-05-29,1.4370361224383175,0.013577510352682376
2021-05-30,1.3942585939194443,0.01317333656243578
2021-05-31,1.3324600333383068,0.012589446858502967
2021-06-01,1.3783823156472133,0.013023333142732225
2021-06-02,1.4041439690911797,0.013266736290973326
2021-06-03,1.319026135391952,0.012462519716174755
2021-06-04,1.3903788973708768,0.01313668012824395
2021-06-05,1.4428798908577152,0.013632723875136093
2021-06-06,1.4303904382675585,0.013514720110864352
2021-06-07,1.4816263567923487,0.013998811083483161
2021-06-08,1.4525455393752584,0.013724047566143704
2021-06-09,1.4538599110061272,0.013736466108828012
2021-06-10,1.4667962235930192,0.013858691928577091
2021-06-11,1.4640579220531396,0.013832819706629463
2021-06-12,1.5374361233407159,0.01452611702329872
2021-06-13,1.3980233872461267,0.013208907359558129
2021-06-14,1.5749936883134414,0.014880971170161413
2021-06-15,1.6516248677451126,0.015605003514112764
2021-06-16,1.7107282689726515,0.016163428615274474
2021-06-17,1.754492265723632,0.016576922827203515
2021-06-18,1.911881343499992,0.018063977884164608
2021-06-19,1.921080856390744,0.01815089739826971
2021-06-20,1.9166451660555193,0.018108987782702344
2021-06-21,1.7088307843282329,0.01842584944988944
2021-06-22,1.5798022843985575,0.017034570842169434
2021-06-23,1.5207930439015587,0.016398290531958702
2021-06-24,1.5568467882651638,0.01678704808000916
2021-06-25,1.6123811342801084,0.01738585956465344
2021-06-26,1.584903961523363,0.01708958081478095
2021-06-27,1.4722274689655743,0.015874621377338714
2021-06-28,1.6810580387617455,0.018126383620205577
2021-06-29,1.7297633668558872,0.018651559694455037
2021-06-30,1.7587012321686233,0.0189635886879304
2021-07-01,1.7979614775126656,0.019386921048693915
2021-07-02,1.7390032279230991,0.018751190559326933
2021-07-03,1.7003041444230016,0.018333909051432156
2021-07-04,1.6704669957872629,0.018012183334750253
2021-07-05,1.746786792784321,0.018835118585221376
2021-07-06,1.718250901224575,0.018527423963483305
2021-07-07,1.7527882982406666,0.018899831157715666
2021-07-08,1.7445042439950587,0.018810506493293556
2021-07-09,1.7250281964094074,0.01860050166192977
2021-07-10,1.7393084597947814,0.018754481790130183
2021-07-11,1.7027512830477147,0.018360295870007464
2021-07-12,1.646637742611541,0.017755239092203876
2021-07-13,1.6445043373533699,0.017732235173698208
2021-07-14,1.5835189648217092,0.01707464677862751
2021-07-15,1.578836007312348,0.017024151743753924
2021-07-16,1.5439048348453421,0.016647498577806775
2021-07-17,1.53844419845215,0.016588618046741728
2021-07-18,1.5256834016531036,0.016451021906248336
2021-07-19,1.500811825397619,0.01618283858238274
2021-07-20,1.561210825034231,0.01683410428079748
2021-07-21,1.608534091600293,0.01734437796805788
2021-07-22,1.595588021499292,0.017204784076821578
2021-07-23,1.4904975812671197,0.016071622942261474
2021-07-24,1.4595990387540865,0.015738452509128174
2021-07-25,1.4159251691282282,0.015267529259149084
2021-07-26,1.695229697846078,0.018279192698282737
2021-07-27,1.484088008234121,0.016002510290015728
2021-07-28,1.499426898082865,0.01616790529440904
2021-07-29,1.4487955137780617,0.015621961089051953
2021-07-30,1.3745947992046008,0.014821875317924955
2021-07-31,1.3947170198978807,0.015038847655087983
2021-08-01,1.452330612918861,0.01566007908479277
2021-08-02,1.5088345247444077,0.016269345129257578
2021-08-03,1.519374301274672,0.01638299262283224
2021-08-04,1.5654488673334,0.016879801918084282
2021-08-05,1.6238806310244345,0.017509855455705776
2021-08-06,1.6217346452805492,0.017486715885304146
2021-08-07,1.5584278639847757,0.01680409638195083
2021-08-08,1.5853878179830063,0.017094798105084068
2021-08-09,1.5356279511779296,0.01655825123174498
2021-08-10,1.526842316965026,0.0164635181693415
2021-08-11,1.5204519066993718,0.016394612143912968
2021-08-12,1.5050162433837184,0.01622817365800682
2021-08-13,1.4126537187458243,0.015232254115008554
2021-08-14,1.4335412036318245,0.015457478084184401
2021-08-15,1.4350629384434472,0.015473886529537075
2021-08-16,1.4061181618857628,0.015161783014020033
2021-08-17,1.3771282356165089,0.014849192661657757
2021-08-18,1.3559899105127713,0.014621263951830936
2021-08-19,1.3424710427091442,0.014475493741481809
2021-08-20,1.3468902534928218,0.014523144868400957
2021-08-21,1.3588341922897595,0.014651933055112835
2021-08-22,1.34736878870109,0.014528304781123085
2021-08-23,1.2969528662958982,0.014501833793841505
2021-08-24,1.341333704098852,0.014998076602794157
2021-08-25,1.3274372825020893,0.01484269424344832
2021-08-26,1.3215521080205452,0.01477688936773001
2021-08-27,1.289222205853518,0.014415393680429977
2021-08-28,1.2933418626414495,0.014461457480880084
2021-08-29,1.2952640118530452,0.014482949926070585
2021-08-30,1.3361178856173024,0.01493975610813015
2021-08-31,1.3164763167161757,0.014720134582123639
2021-09-01,1.286202825443522,0.014381632582394704
2021-09-02,1.261358284465165,0.014103834203351515
2021-09-03,1.2733549426265718,0.01423797442329268
2021-09-04,1.2754136909226517,0.014260994246440433
2021-09-05,1.2308378968782796,0.013762571540990694
2021-09-06,1.2102561289849756,0.013532437212343455
2021-09-07,1.2380376995163114,0.013843075886151204
2021-09-08,1.23915025511688,0.013855515888270891
2021-09-09,1.2349918059303133,0.01380901833195186
2021-09-10,1.226557851748133,0.01371471436381756
2021-09-11,1.2179411026782954,0.013618366480944293
2021-09-12,1.142230049085003,0.013363576089765121
2021-09-13,1.2217524013539989,0.014293951723145737
2021-09-14,1.1225478501863058,0.013133303245159666
2021-09-15,1.1230542305241427,0.013139227666584638
2021-09-16,1.1322906500136258,0.013247289606246944
2021-09-17,1.110814417698247,0.012996027380307484
2021-09-18,1.087556383762862,0.012723918879534949
2021-09-19,1.1109860168420398,0.01299803501284775
2021-09-20,1.1738380767712293,0.013733375749098766
2021-09-21,1.2203799569938103,0.014277894743510993
2021-09-22,1.1761623052029286,0.013760568172833278
2021-09-23,1.1738547581205414,0.013733570913357484
2021-09-24,1.1958961459115054,0.01399144520330855
2021-09-25,1.1993440351692934,0.014031783951603994
2021-09-26,1.1856890565706666,0.013872026864445377
2021-09-27,1.20360873616547,0.014081679028614232
2021-09-28,1.1945993988722674,0.013976273848166984
2021-09-29,1.164586263668698,0.013625133711110883
2021-09-30,1.1289517372173579,0.013208225833370574
2021-10-01,1.0879542240343925,0.012728573431167898
2021-10-02,1.0971996794976848,0.012836741087645868
2021-10-03,1.086080509555372,0.01270665181736432
2021-10-04,1.0568243572123779,0.012364368038153162
2021-10-05,1.080155877455996,0.0126373362955679
2021-10-06,1.0403054902923519,0.012171104750097212
2021-10-07,1.100530050491761,0.012875704925291477
2021-10-08,1.1226173760075093,0.013134116665890982
2021-10-09,1.1021866925461474,0.012895086889690884
2021-10-10,1.106143835884451,0.01294138368090373
2021-10-11,1.0881038480338996,0.012730323964437332
2021-10-12,1.083877835275025,0.012680881522343656
2021-10-13,1.0815005133002678,0.012653067928116303
2021-10-14,1.0794977611657726,0.012629636631977926
2021-10-15,1.0405602255391007,0.012174085037523028
2021-10-16,1.052552462727218,0.012314388800568217
2021-10-17,1.0412420361206967,0.012182061913628908
2021-10-18,1.019241191877475,0.011924661964889264
2021-10-19,0.9672983239377639,0.011316953851633966
2021-10-20,0.9819885371835365,0.011488822716966319
2021-10-21,1.0104406897318712,0.01182170006142233
2021-10-22,1.0118972449727994,0.011838741100402774
2021-10-23,1.0003374811673267,0.011703497080760763
2021-10-24,1.0079352339772722,0.011792387359797167
2021-10-25,1.0115011452328857,0.011834106912204247
2021-10-26,1.0405404537161504,0.012173853716117466
2021-10-27,1.0450185597362203,0.012226245535598292
2021-10-28,1.011107995218137,0.011829507234458947
2021-10-29,0.9821725127833955,0.011490975148457106
2021-10-30,0.9875545327002074,0.011553942352596557
2021-10-31,0.9967324878802951,0.01166132028622368
2021-11-01,1.0313790378089405,0.012066669284518895
2021-11-02,1.0735678548699104,0.012560259404462844
2021-11-03,1.0998055664606363,0.012867228789084494
2021-11-04,1.1127131656968785,0.013018241874992969
2021-11-05,1.1151758593317878,0.013047054279116163
2021-11-06,1.1078932128744226,0.012961850602198522
2021-11-07,1.0764111773932952,0.012593524994804681
2021-11-08,1.0879171168258575,0.012728139293574393
2021-11-09,1.0963190506898386,0.012826438128018848
2021-11-10,1.073545593489088,0.012559998956353709
2021-11-11,1.07695208654201,0.012599853387734188
2021-11-12,1.0814478829107101,0.012652452176310395
2021-11-13,1.0761876171356606,0.012590909440682339
2021-11-14,1.0597931284834476,0.012399101322228316
2021-11-15,1.0691254729392425,0.01250828554070586
2021-11-16,1.0684235926008057,0.012500073857502354
2021-11-17,1.0661516770174764,0.012473493470485163
2021-11-18,1.0918086629406254,0.012773668626875678
2021-11-19,1.0563804327118522,0.012359174321838622
2021-11-20,1.0284634775105088,0.012032558544809672
2021-11-21,1.0453922508764384,0.012230617553293308
2021-11-22,1.0477720710556229,0.012258460375385026
2021-11-23,1.0345014422853527,0.012103200007762414
2021-11-24,1.0644606000274435,0.012453708632879062
2021-11-25,1.0459822058155333,0.012237519759836064
2021-11-26,1.057851417806237,0.012376384183592366
2021-11-27,1.033818694716201,0.012095212169324989
2021-11-28,0.98987563083177,0.01158109815323216
2021-11-29,1.029501337954478,0.012031158806096382
2021-11-30,1.0829226962525824,0.012655461875579414
2021-12-01,1.0548131772142473,0.012326962946005266
2021-12-02,1.0353593349363233,0.012099617669990865
2021-12-03,1.007375414434574,0.011772586534467845
2021-12-04,1.0974143039070174,0.012824816520025597
2021-12-05,1.0936766389122354,0.012781136692269804
2021-12-06,1.0090360359912116,0.011791993213146312
2021-12-07,1.0602003429471367,0.012389919490166669
2021-12-08,1.0784810340255533,0.01260355485841846
2021-12-09,1.1078454634716528,0.012415642335671325
2021-12-10,1.134824173322434,0.01271799318082936
2021-12-11,1.0861045470107933,0.012171991527207595
2021-12-12,1.0701521953522881,0.011993213259718737
2021-12-13,1.0913581990416639,0.012230869291951931
2021-12-14,1.111012124727143,0.01245113116046029
2021-12-15,1.0923447258358465,0.012241925313964917
2021-12-16,1.0613133201943306,0.011894155840404172
2021-12-17,1.103887697390216,0.012371287586082524
2021-12-18,1.0886512270505515,0.01220053221231177
2021-12-19,1.0919554216560272,0.012237562375616752
2021-12-20,1.0399742163756556,0.011655008152832127
2021-12-21,1.0347655135361373,0.011596634134414792
2021-12-22,1.0458905556016524,0.011721312663874934
2021-12-23,1.0493142304357903,0.011759681844068254
2021-12-24,1.0485367504637648,0.01175096861323047
2021-12-25,1.0566941923859672,0.011842389199060823
2021-12-26,1.0487984163774149,0.011753901107429741
2021-12-27,1.0718062054465727,0.012011749778057561
2021-12-28,1.0649521757182927,0.011934936554128556
2021-12-29,1.0683629843545523,0.011973161542630577
2021-12-30,1.0586898529027673,0.011919507756093926
2021-12-31,1.0443808172790816,0.011758406125969572
2022-01-01,1.0141496289096246,0.011418041208654384
2022-01-02,1.0214666755712865,0.01150042189285217
2022-01-03,1.0672971352062268,0.012016414860562413
2022-01-04,1.0664180121899103,0.012006517048107884
2022-01-05,1.0378531343061055,0.011684912677805906
2022-01-06,1.0260991534192296,0.011552577730075975
2022-01-07,1.0321884454640728,0.011621135451261855
2022-01-08,1.0278345435765406,0.011572116026757673
2022-01-09,1.0234776295288002,0.011523062689142046
2022-01-10,1.0235646876012072,0.011524042852847633
2022-01-11,1.0528073765284358,0.011853278517590661
2022-01-12,1.0400733760789738,0.011709909790000328
2022-01-13,1.0209848857004598,0.011494997548709848
2022-01-14,1.0294940607273055,0.011590800089418403
2022-01-15,1.027641450632187,0.01156994204460269
2022-01-16,1.0291554712884858,0.011586988000891172
2022-01-17,1.0501847560417459,0.011823751130370805
2022-01-18,0.9815215556762059,0.011050690401516865
2022-01-19,0.979641439291728,0.011029522670697779
2022-01-20,0.9989519482581354,0.011246934560278206
2022-01-21,0.9157702306105012,0.01031041370296793
2022-01-22,0.9530769849713198,0.01073044053777628
2022-01-23,0.9203270613383341,0.010361717849366125
2022-01-24,0.8976660082464705,0.01010658307372893
2022-01-25,0.8774073494426698,0.009878496217056148
2022-01-26,0.8523571240546801,0.009596462385348621
2022-01-27,0.7639977619992496,0.008601647805369888
2022-01-28,0.7967724974177368,0.008970649843080419
2022-01-29,0.7893800082353511,0.008887419771587158
2022-01-30,0.7939720698361366,0.008939120573022959
2022-01-31,0.8577246192813074,0.009562893080165008
2022-02-01,0.8635174055093277,0.009627477673039614
2022-02-02,0.8467112508904008,0.009440103478459326
2022-02-03,0.8209937005247205,0.00915337487244493
2022-02-04,0.8464248016814757,0.009436909815719248
2022-02-05,0.8476443817674846,0.009450507086571719
2022-02-06,0.8282328297393237,0.009234084947819418
2022-02-07,0.8459198397005306,0.009431279923181742
2022-02-08,0.8649011609075374,0.00964290535766556
2022-02-09,0.903427686744487,0.010072443042660157
2022-02-10,0.8883424368137057,0.00990425545781911
2022-02-11,0.8692882780563376,0.009691817947185594
2022-02-12,0.8726520667938518,0.009729321303528642
2022-02-13,0.8736230657014132,0.009740147107668143
2022-02-14,0.8624335734378445,0.009615393875998636
2022-02-15,0.8798023562856828,0.009809040892270192
2022-02-16,0.8874662028718902,0.009894486201684415
2022-02-17,0.895204005685555,0.009980756059537485
2022-02-18,0.8872064198685651,0.009891589844241716
2022-02-19,0.885190197121025,0.009869110691694272
2022-02-20,0.9241338825363413,0.010303299347822972
2022-02-21,0.957935805270744,0.010680161764671795
2022-02-22,0.8848410642113056,0.009865218159509278
2022-02-23,0.8778457998684562,0.009787226968077451
2022-02-24,0.9288314878551397,0.010355673613859692
2022-02-25,0.9263391771080957,0.0103278864888772
2022-02-26,0.9289228804710852,0.010356692563059652
2022-02-27,0.9632955207062818,0.01073991799003595
2022-02-28,0.9199126183163587,0.01025623587606132
2022-03-01,0.939767167552989,0.010477597053339706
2022-03-02,0.9378697578283217,0.010456442563986862
2022-03-03,0.9057661242640018,0.010098514613268102
2022-03-04,0.94043618359582,0.010485056007813777
2022-03-05,0.9341592122638759,0.01041507316674185
2022-03-06,0.9580019596796139,0.010680899329531871
2022-03-07,0.9164644843242337,0.010217792142546471
2022-03-08,0.9501552579078346,0.010593415341794244
2022-03-09,0.9330798012680918,0.01040303866089907
2022-03-10,0.9577801116651993,0.01067842591464532
2022-03-11,0.9035660697803346,0.010073985894697012
2022-03-12,0.9010335803839218,0.010045750812270625
2022-03-13,0.9261329482967154,0.010325587214694154
2022-03-14,0.8364720958777514,0.009325945691197437
2022-03-15,0.9032050246086474,0.0100699605510187
2022-03-16,0.9347324617595821,0.010421464406438678
2022-03-17,0.9507576389873091,0.010600131373638308
2022-03-18,0.9747514655706053,0.010867641939433119
2022-03-19,0.9657527450691177,0.010767313931958972
2022-03-20,0.9878275785201683,0.011013429371937515
2022-03-21,0.9530456117979079,0.010625640306069807
2022-03-22,0.9739249103310147,0.010858426558175115
2022-03-23,0.9424330602198069,0.010507319467693788
2022-03-24,0.9873366363855136,0.011007955788648995
2022-03-25,0.955444954084049,0.010652390912534048
2022-03-26,0.9521793757944972,0.0106159825183643
2022-03-27,0.9050048123525123,0.010090026639101836
2022-03-28,0.9706210509246795,0.010821591362420615
2022-03-29,0.9826112917973936,0.01095527225357571
2022-03-30,0.9542254335600584,0.010638794305746942
2022-03-31,0.9578562007713552,0.010679274242850407
2022-04-01,0.9515105426990719,0.010608525603596729
2022-04-02,0.9600715397887047,0.010703973370849067
2022-04-03,0.9479890590060333,0.01056926408389325
2022-04-04,0.8558586309460893,0.010751420877632556
2022-04-05,0.8514697963291253,0.010696287697428319
2022-04-06,0.8384961126733984,0.010533310392214033
2022-04-07,0.8483230811380481,0.010656758202511721
2022-04-08,0.8531997063397936,0.010718019079145606
2022-04-09,0.8433384895455267,0.010594141036339003
2022-04-10,0.854816694623028,0.010738331921662642
2022-04-11,0.8789681439540407,0.011041725948635879
2022-04-12,0.8797153373301282,0.0110511123007422
2022-04-13,0.896426061410332,0.011261034852504815
2022-04-14,0.8953791085826363,0.011247882878472443
2022-04-15,0.8817354206076251,0.01107648888133499
2022-04-16,0.8845487316398316,0.011111830104608632
2022-04-17,0.900306382228318,0.011309780008241914
2022-04-18,0.869410341226918,0.010921659437568405
2022-04-19,0.9036688003707651,0.011352019195075929
2022-04-20,0.8639329545712838,0.010852851707979755
2022-04-21,0.8404066767944599,0.010557311177199432
2022-04-22,0.8194322292269887,0.010293827109480866
2022-04-23,0.8246947487748616,0.010359935647141352
2022-04-24,0.8250590982121101,0.010364512657882081
2022-04-25,0.8421165796989496,0.010578791226732534
2022-04-26,0.8165825273642601,0.010258028739289634
2022-04-27,0.7825903213525285,0.009831013692438587
2022-04-28,0.8015496793289187,0.010069183910981036
2022-04-29,0.7302139661226292,0.009173054283312164
2022-04-30,0.7475414640528698,0.009390724838084029
2022-05-01,0.7328852885719715,0.00920661182531066
2022-05-02,0.755995166009984,0.009496921474337528
2022-05-03,0.7241262408432918,0.009096579390965505
2022-05-04,0.7347952864475351,0.009230605497037574
2022-05-05,0.6845393509567383,0.008599283109760344
2022-05-06,0.6498931776273286,0.008164052830137963
2022-05-07,0.6597594549092021,0.008287994443527534
2022-05-08,0.687705645208316,0.008639058559688925
2022-05-09,0.5755465832795835,0.007230100074683923
2022-05-10,0.5786803855807158,0.007269467355994764
2022-05-11,0.4627200563928679,0.005812756797582572
2022-05-12,0.46911211358476435,0.005893054751776254
2022-05-13,0.5561104159528792,0.006985940107579903
2022-05-14,0.5409951554641795,0.0067960600020192255
2022-05-15,0.5201910221554451,0.0065347154468450575
2022-05-16,0.53715611162777,0.006747833373741499
2022-05-17,0.5883352314784179,0.007390752937516718
2022-05-18,0.5472462299976192,0.0068745869115067965
2022-05-19,0.553473643766883,0.006952816591025839
2022-05-20,0.5527174467743599,0.006943317134177423
2022-05-21,0.5483702890092915,0.006888707504661796
2022-05-22,0.5322485886454484,0.006686184354684149
2022-05-23,0.5590833804577715,0.007023286921049583
2022-05-24,0.5180950710381692,0.00650838580338996
2022-05-25,0.5334888649739884,0.006701764886714255
2022-05-26,0.5877726991551055,0.0073836863244727885
2022-05-27,0.6100542389552842,0.007663590275349147
2022-05-28,0.6060882656681862,0.007613769140809785
2022-05-29,0.5930991811412717,0.007450598367606706
2022-05-30,0.5504683217697552,0.006915063298022053
2022-05-31,0.6627528706074838,0.008325598167869675
2022-06-01,0.6361589805510175,0.00799152184447677
2022-06-02,0.6387153273216507,0.008023635045239693
2022-06-03,0.6089225843746322,0.007649374265549442
2022-06-04,0.6062992796732795,0.007616419929500581
2022-06-05,0.6048041817738851,0.0075976382917529025
2022-06-06,0.597437673243643,0.007505099137804368
2022-06-07,0.6132153072023246,0.007703300075446953
2022-06-08,0.613583506384436,0.007707925447243815
2022-06-09,0.5756714544451863,0.007231668724468282
2022-06-10,0.5566093360879564,0.006992207615042682
2022-06-11,0.5707988208328875,0.007170457990762864
2022-06-12,0.6048847241642195,0.007598650077000682
2022-06-13,0.538603392376899,0.006766014325477397
2022-06-14,0.5623286499279382,0.007064054469186037
2022-06-15,0.6042389604985837,0.0075905378997021275
2022-06-16,0.6301426375930119,0.007915943667255846
2022-06-17,0.6517197898684539,0.008186998999370218
2022-06-18,0.7015417482725407,0.008812869703224792
2022-06-19,0.649126355987791,0.008154419904925036
2022-06-20,0.6476684476666337,0.008136105448080173
2022-06-21,0.6878591633885872,0.008640987077447329
2022-06-22,0.6806994597707297,0.008551045836953439
2022-06-23,0.7109153333349674,0.00893062204513555
2022-06-24,0.7702599354190982,0.009676117586983175
2022-06-25,0.7605635375628516,0.009554310023701093
2022-06-26,0.7777459836239944,0.009770158415749618
2022-06-27,0.7552534050004831,0.009487603364412124
2022-06-28,0.7305461562551847,0.009177227304179586
2022-06-29,0.7785502618087374,0.00893801198551285
2022-06-30,0.7233579209702254,0.00830438583685924
2022-07-01,0.7538695637855639,0.008654669489128025
2022-07-02,0.7549317264164221,0.008666863463995002
2022-07-03,0.7527870702628319,0.008642242108963845
2022-07-04,0.7180268654525624,0.008243183573563346
2022-07-05,0.8097014230288136,0.009295637518514194
2022-07-06,0.7982175847667782,0.00916379929423911
2022-07-07,0.8836721671190667,0.01014484588653913
2022-07-08,0.8869636648055594,0.01018263335796559
2022-07-09,0.8926698096701348,0.01024814176980808
2022-07-10,0.9239835220623817,0.010607633443502441
2022-07-11,0.8762650210717043,0.010059809424030005
2022-07-12,0.8678136713106038,0.009962785160904094
2022-07-13,0.8427381706956417,0.009674910201465282
2022-07-14,0.8663582511599931,0.009946076460916126
2022-07-15,0.8945357647435263,0.010269563545162258
2022-07-16,0.8795923740075192,0.010098008525461494
2022-07-17,0.896988900996641,0.010297726352765066
2022-07-18,0.8740501804279378,0.010034382328065776
2022-07-19,0.9949785764325095,0.011422679918983849
2022-07-20,1.0827200564615087,0.012429980845585413
2022-07-21,1.0893911640682759,0.012506567345739438
2022-07-22,1.0810836504148067,0.012411194368236336
2022-07-23,1.0930900882296475,0.012549032206532158
2022-07-24,1.0861432923783394,0.012469280715041225
2022-07-25,1.0840838220619073,0.012445637321319524
2022-07-26,0.9745761621903742,0.011188453521569315
2022-07-27,0.9967703101044099,0.011443249608340948
2022-07-28,1.0072492305147471,0.011563551046561824
2022-07-29,1.046746135368547,0.01201698844976014
2022-07-30,1.0533137187815287,0.012092386458264702
2022-07-31,1.0677258399391238,0.01225784232921128
2022-08-01,1.030208135316718,0.011827126792869487
2022-08-02,1.0548290419105366,0.012109782864063261
2022-08-03,1.1959491537622828,0.013729887965816713
2022-08-04,1.1905201760298256,0.013667561523424857
2022-08-05,1.1936688428700892,0.013703709249958635
2022-08-06,1.2107221324677178,0.013899486599595532
2022-08-07,1.1995107106913765,0.013770775805794276
2022-08-08,1.2073211519599276,0.01386044222952429
2022-08-09,1.2009748714176995,0.013787584850454013
2022-08-10,1.221416073191147,0.014022256541431164
2022-08-11,1.22523867083007,0.014066141214249988
2022-08-12,1.259457578426095,0.014458985480352831
2022-08-13,1.2583617956454478,0.014446405535155473
2022-08-14,1.2637810943925056,0.014508620859625013
2022-08-15,1.2597601742024662,0.01446245937896753
2022-08-16,1.2496535631437133,0.014346432174036422
2022-08-17,1.21386362060582,0.013935551912277428
2022-08-18,1.2172321750911081,0.01397422402099063
2022-08-19,1.180735357637011,0.01355522860368778
2022-08-20,1.1646411310132685,0.013370461611090057
2022-08-21,1.1447351200027576,0.01314193408534965
2022-08-22,1.0912762799403493,0.012528209093337761
2022-08-23,1.0754623750470513,0.012346660286012614
2022-08-24,1.117205267551046,0.012825882363009791
2022-08-25,1.1001048296449827,0.012629563735350706
2022-08-26,1.07140555893371,0.01230008670839949
2022-08-27,1.0830745938936062,0.01243405105141906
2022-08-28,1.1065352940843494,0.012703387573130871
2022-08-29,1.0512058881251787,0.012068187872002438
2022-08-30,1.0570067771141765,0.012134783977422577
2022-08-31,1.0060046792756248,0.01154926319073859
2022-09-01,0.9560897723073917,0.010976223711307492
2022-09-02,0.9511491629355434,0.010919503897639038
2022-09-03,0.9577524835575328,0.010995312181007164
2022-09-04,0.9503429370963161,0.010910248160960841
2022-09-05,0.958705615874986,0.011006254452168162
2022-09-06,0.9444536509867361,0.010842637227645821
2022-09-07,0.9871342504248376,0.011332624487351273
2022-09-08,1.0567212608539274,0.012131506157246605
2022-09-09,1.0672500321748963,0.01225237990024801
2022-09-10,1.0525123688586122,0.012083186698702645
2022-09-11,1.0482230386840008,0.012033943783516372
2022-09-12,1.023985380789261,0.011755687532904301
2022-09-13,0.9924345629045577,0.011393473810503051
2022-09-14,0.9725256455604216,0.011164912919100784
2022-09-15,0.9591630547084063,0.011011505999789829
2022-09-16,0.9090038277188274,0.010435661646497384
2022-09-17,0.8929716311695637,0.010251606779469903
2022-09-18,0.9255309921808338,0.010625398907268154
2022-09-19,0.9190053898516962,0.010550482855355179
2022-09-20,0.9057296253643474,0.010407188680846858
2022-09-21,0.91930763200491,0.010563205303314387
2022-09-22,0.8621535796081654,0.009906482821780613
2022-09-23,0.8634085365822741,0.009920902769687961
2022-09-24,0.8798508557017943,0.010109831466106283
2022-09-25,0.8861642073026128,0.010182374352502225
2022-09-26,0.9063001694692087,0.010413744456415805
2022-09-27,0.9384406599843317,0.010783051300002044
2022-09-28,0.9876774833563478,0.011348801714395272
2022-09-29,0.9418323441238369,0.010822023081201611
2022-09-30,0.9506496795326191,0.010923337723774549
2022-10-01,0.9565416580874693,0.010991038868582706
2022-10-02,0.9700020922898326,0.011145704537615854
2022-10-03,0.995730808871022,0.01144133758359109
2022-10-04,1.0644548193278174,0.012231003421716511
2022-10-05,1.0454791773941703,0.012012965852431733
2022-10-06,1.0539657607137949,0.012110480023758008
2022-10-07,0.9808506325673164,0.011270358520899358
2022-10-08,0.9874319421019883,0.011345980349065608
2022-10-09,0.9859158705935357,0.011328560092732738
2022-10-10,1.00321369345456,0.01152731886272453
2022-10-11,0.9884048666340057,0.011357159633582064
2022-10-12,0.992065671090874,0.01139922371279443
2022-10-13,0.9902244614930027,0.011378067492274069
2022-10-14,0.9494639037866627,0.010909712695316
2022-10-15,0.9553407280841051,0.010977239711762067
2022-10-16,0.9454016736779673,0.010863036077899183
2022-10-17,0.9843492722641701,0.011310559263407708
2022-10-18,1.057796067605102,0.012154491752431832
2022-10-19,1.028006609932631,0.011812199198433952
2022-10-20,1.00947790710094,0.011599297134748908
2022-10-21,1.0559276168642102,0.012133022520492438
2022-10-22,1.0539639504283111,0.012110459222867688
2022-10-23,1.0346364365254708,0.011888378506630062
2022-10-24,1.0688826093139845,0.012281880465521575
2022-10-25,1.1636171444172467,0.013370417434835519
2022-10-26,1.142711002496053,0.013130197663427576
2022-10-27,1.1607423296232782,0.013337384685165566
2022-10-28,1.183146274499634,0.01359481480006297
2022-10-29,1.1704657350900765,0.013449110428124056
2022-10-30,1.1808384210683003,0.0135682966588484
2022-10-31,1.135902016284754,0.013051959740937442
2022-11-01,1.092683448161305,0.01255536144009702
2022-11-02,1.0716169248251965,0.012313298823319802
2022-11-03,1.0698443761514191,0.012292931543750508
2022-11-04,1.1403762971692617,0.013103370983401159
2022-11-05,1.133117983858758,0.013019970116286177
2022-11-06,1.152405616461599,0.0132415925807428
2022-11-07,1.1263253969544864,0.012941920628266653
2022-11-08,0.9943369818504518,0.011425321964376137
2022-11-09,0.9336002105490582,0.010727432637255173
2022-11-10,0.8659983669058648,0.009950660936004035
2022-11-11,0.8950051544083241,0.010283960302734901
2022-11-12,0.9075309017923643,0.010427886053581234
2022-11-13,0.9322717245185645,0.01071216781164714
2022-11-14,0.8688154873688615,0.009983030755179692
2022-11-15,0.8841258961013136,0.010158953357242552
2022-11-16,0.8846268115661028,0.01016470907242424
2022-11-17,0.9068240977278753,0.010419764597626243
2022-11-18,0.8866696452301064,0.010188182032554388
2022-11-19,0.8859390710062034,0.010179787448143546
2022-11-20,0.9087628871397201,0.010442042048486241
2022-11-21,0.8666934484767194,0.009958647695908847
2022-11-22,0.8981501563818537,0.0103200976090828
2022-11-23,0.924168124414327,0.01061905426769631
2022-11-24,0.9245155508907841,0.01062304633419381
2022-11-25,0.9639572528639995,0.011076246961438238
2022-11-26,0.9673273305367781,0.011114970475859673
2022-11-27,0.9684834612646971,0.011128254871432288
2022-11-28,0.9480883334997452,0.010893906853132181
2022-11-29,0.9631703819233425,0.0110672055056687
2022-11-30,1.0041385865560968,0.011537946247263748
2022-12-01,1.0206247666002082,0.011727378922910701
2022-12-02,1.053905283573178,0.012109785117689294
2022-12-03,1.065151259915911,0.012239005797262498
2022-12-04,1.051332045272387,0.012080217600223651
2022-12-05,1.0031919769213824,0.0115270693312397
2022-12-06,0.9956962861634553,0.011440940904139123
2022-12-07,0.9994752761808305,0.011484362981801692
2022-12-08,1.0229806997106523,0.01175444951849819
2022-12-09,1.0324247866913299,0.01186296578248448
2022-12-10,1.0326916660312624,0.011866032330787544
2022-12-11,1.0341727775283118,0.01188305088287583
2022-12-12,0.9921666949595387,0.011400384516673447
2022-12-13,0.9877427811647421,0.011349552011827722
2022-12-14,0.9903335098729564,0.011379320500935526
2022-12-15,0.942218391204478,0.010826458913590672
2022-12-16,0.9083251562537565,0.010437012348900312
2022-12-17,0.9003421373956059,0.010345284330766744
2022-12-18,0.9023361973182044,0.010368196861475948
2022-12-19,0.9010665800743549,0.010353608461318579
2022-12-20,0.8691956295708919,0.009987398738197243
2022-12-21,0.8736283432368793,0.010038332357014824
2022-12-22,0.8595706987737111,0.009876804507820755
2022-12-23,0.8428340964293479,0.009684494381712178
2022-12-24,0.8402926139268421,0.009655291750825494
2022-12-25,0.840580471570278,0.009658599348064853
2022-12-26,0.8367144344363749,0.009614177064887902
2022-12-27,0.7714073759743989,0.008837618547975259
2022-12-28,0.7281909214309309,0.008342509799800989
2022-12-29,0.7166055729773932,0.00820978240625175
2022-12-30,0.7442932018766869,0.008526985365843329
2022-12-31,0.7467710991950045,0.008555373364172591
2023-01-01,0.7432861549409386,0.008515448145750238
2023-01-02,0.7404628061300299,0.008483102486898878
2023-01-03,0.7588992336252182,0.0086943191781887
2023-01-04,0.8543766925941617,0.00978815544236967
2023-01-05,0.8116549280684986,0.009298714103936368
2023-01-06,0.8261674964849409,0.009464977154835906
2023-01-07,0.8260159864452675,0.00946324138204124
2023-01-08,0.8194398892988679,0.009387902410799362
2023-01-09,0.8883210239079549,0.01017703823162025
2023-01-10,0.9506025489623535,0.010890565711600176
2023-01-11,0.9478713876850656,0.01085927619802613
2023-01-12,0.9722027378827298,0.011138027994419758
2023-01-13,0.9512315661279303,0.01089777203855871
2023-01-14,0.9028578215928612,0.010343578864818133
2023-01-15,0.9069871138997236,0.010390886048308625
2023-01-16,0.894612373902828,0.010249115000832192
2023-01-17,0.9731200959002403,0.011148537694590102
2023-01-18,0.93320943377194,0.010691301714130998
2023-01-19,0.9166713947894816,0.010501833886092802
2023-01-20,0.9239256482816997,0.010584942146671151
2023-01-21,0.9198258679691834,0.010537973066959215
2023-01-22,0.9221419480828653,0.010564507208592767
2023-01-23,0.9523192750680796,0.010910233361853839
2023-01-24,0.954366220750552,0.010933684168384259
2023-01-25,0.9282254203931887,0.010634202429821235
2023-01-26,0.9296836523124028,0.010650908644796453
2023-01-27,0.9771515100682471,0.011194723538458583
2023-01-28,0.9791726997069534,0.011217879271209315
2023-01-29,0.9485520801577956,0.010867074542467504
2023-01-30,0.9389387936267664,0.010756940050628728
2023-01-31,0.9495844663094007,0.010878902060956775
2023-02-01,0.98575728343766,0.011293315468893688
2023-02-02,1.086368061736677,0.01244596153906962
2023-02-03,1.0599789447951244,0.012143634964796507
2023-02-04,1.0653158822858928,0.012204777519595417
2023-02-05,1.0827735450742169,0.012404781005778716
2023-02-06,1.0816836747212755,0.01239229492028611
2023-02-07,1.065070125315151,0.012201962008063423
2023-02-08,1.0500564156053491,0.012029957638468614
2023-02-09,0.9962813735358974,0.011413884569928355
2023-02-10,0.9811466500691634,0.011240493807804603
2023-02-11,0.9712911007465518,0.011127583835451827
2023-02-12,0.9749765105074603,0.011169805684340365
2023-02-13,0.9976215928982436,0.011429238775584044
2023-02-14,1.065080338768695,0.01220207901836082
2023-02-15,1.0715216329290382,0.012275873620950029
2023-02-16,1.04946744557159,0.012023210110953758
2023-02-17,1.0448219714848317,0.011969989297630039
2023-02-18,1.0416132206617201,0.011933228285649381
2023-02-19,1.0550418180806862,0.012087072836945306
2023-02-20,1.033731797924941,0.011842934868795528
2023-02-21,0.9641558089207891,0.011045838457654623
2023-02-22,0.9691858687919827,0.011103465273004858
2023-02-23,0.9686385911610237,0.011097195393959244
2023-02-24,0.962489851914718,0.011026752442929416
2023-02-25,0.963434756754189,0.011037577732906492
2023-02-26,0.9476575709180235,0.010856826609021498
2023-02-27,0.9597777518394357,0.010995681303767693
2023-02-28,0.9889988538944343,0.011330452478579616
2023-03-01,0.9520262455788565,0.010906876273330033
2023-03-02,0.9402989546967828,0.010772522718198412
2023-03-03,0.963747750509029,0.011041163541779114
2023-03-04,0.9641500097660164,0.011045772019713558
2023-03-05,0.9606190684726552,0.011005319836810065
2023-03-06,0.9240513774070148,0.010586382560756514
2023-03-07,0.9091748422490983,0.010415949729627385
2023-03-08,0.9353212794640191,0.010715496046775543
2023-03-09,0.9036872174560802,0.010353080827714377
2023-03-10,0.8302240970900727,0.009511451546793018
2023-03-11,0.8123111363366489,0.009306231945407114
2023-03-12,0.7561800640297839,0.008663167047161503
2023-03-13,0.8049961440247865,0.009222427831333207
2023-03-14,0.809409209462638,0.009272986058000046
2023-03-15,0.814823667462634,0.009335016725502488
2023-03-16,0.8399503956169627,0.009622880759089323
2023-03-17,0.8519268920904284,0.009760089334830467
2023-03-18,0.8663979864629341,0.009925877238886237
2023-03-19,0.8332484518830849,0.009546100028058342
2023-03-20,0.8297628441564836,0.009506167208571534
2023-03-21,0.8469129484271679,0.00970264715460635
2023-03-22,0.7890750510069386,0.009040028036697019
2023-03-23,0.7724235892809652,0.009293789817863026
2023-03-24,0.7759096953528763,0.00933573459733989
2023-03-25,0.7758695695716914,0.009335251804502145
2023-03-26,0.7620223970462124,0.009168642818436238
2023-03-27,0.7317788306167471,0.008804752650348963
2023-03-28,0.7566831337256953,0.009104400876874998
2023-03-29,0.8327175299978719,0.010019245668888047
2023-03-30,0.8278401465203746,0.009960561059135032
2023-03-31,0.8531086594808734,0.010264591453498612
2023-04-01,0.8551339821160534,0.01028896010710517
2023-04-02,0.861554514658844,0.010366211864818826
2023-04-03,0.8893998835707927,0.010701246953932831
2023-04-04,0.8821601553852334,0.010614138645708222
2023-04-05,0.8578411760124262,0.010321533026185114
2023-04-06,0.9796818477697102,0.010344407053960692
2023-04-07,0.9838313348812957,0.010388221261445625
2023-04-08,0.9830591495112617,0.01038006779835255
2023-04-09,0.9696920998283504,0.010238925851765158
2023-04-10,0.9989645608872484,0.010548012167239723
2023-04-11,1.041032615040571,0.010992206450435553
2023-04-12,1.0144338421476118,0.010711351462087026
2023-04-13,1.0614922849022512,0.011208238985610809
2023-04-14,1.0368228823918153,0.010947756113618335
2023-04-15,1.0425408449672464,0.011008131767749549
2023-04-16,1.042648850622816,0.011009272193560116
2023-04-17,1.0068231615459888,0.010630990701825827
2023-04-18,1.0276786527950135,0.010851202693383456
2023-04-19,1.0341164540830285,0.010919179085114451
2023-04-20,0.9881378720798474,0.010433693752210111
2023-04-21,1.010432033705476,0.010669096585596591
2023-04-22,0.9907958588076299,0.010461759288709334
2023-04-23,0.9989155686277466,0.010547494860650923
2023-04-24,0.9817347994970819,0.01036608405897861
2023-04-25,0.9732739534135856,0.010276746447887983
2023-04-26,0.9978216397956117,0.010535944125936966
2023-04-27,1.0238676718168478,0.010810962753649147
2023-04-28,1.059966600667542,0.01119212936921282
2023-04-29,1.063292474389392,0.011227247087957137
2023-04-30,1.062554338431864,0.011219453150748628
2023-05-01,1.0365881084296087,0.010945277148190664
2023-05-02,1.0831267365082726,0.011436675976978344
2023-05-03,0.9933849665746781,0.010489097536029002
2023-05-04,1.0250773240324935,0.010823735405240937
2023-05-05,1.047676621809284,0.011062360154560313
2023-05-06,1.070502957547163,0.011303382185294619
2023-05-07,1.0874190061846174,0.011481997817756107
2023-05-08,1.007686467811334,0.010640106305469289
2023-05-09,1.0389748107762704,0.010970478207745578
2023-05-10,1.0804143470015057,0.011408036004510994
2023-05-11,1.0079626137273259,0.010643022115094438
2023-05-12,0.9574874647759994,0.01011005777769196
2023-05-13,0.9582350388569568,0.010117951371529611
2023-05-14,0.9530201810498031,0.010062887973132947
2023-05-15,0.9838880510232584,0.010388820124086928
2023-05-16,0.9578304148493171,0.010113678968760937
2023-05-17,1.0043813925170164,0.01060520819618387
2023-05-18,1.0150365731251798,0.010717715665517137
2023-05-19,1.015315665021497,0.01072066258158743
2023-05-20,1.0063540658475263,0.010626037545999568
2023-05-21,1.0204883943540095,0.01077528114772427
2023-05-22,1.0373828385292247,0.010953668659850476
2023-05-23,1.00645283584904,0.010627080453044039
2023-05-24,1.022879611976945,0.010800529883834429
2023-05-25,1.005112190277425,0.010612924649770305
2023-05-26,1.0105359213299046,0.010670193529341548
2023-05-27,1.00492958558307,0.01061099653678886
2023-05-28,0.9613737529160284,0.010151092881629997
2023-05-29,0.9731462374271932,0.010275397901772173
2023-05-30,1.0231186970690669,0.010803054370247108
2023-05-31,1.049473152794921,0.01108132962698934
2023-06-01,1.0591452415337006,0.01118345668303691
2023-06-02,1.0500581436561442,0.011087506513501134
2023-06-03,1.056824284227666,0.011158949821770528
2023-06-04,1.0551120491421118,0.011140870425140522
2023-06-05,1.0160313661058116,0.010728219630196593
2023-06-06,1.0389662221078257,0.010970387520465169
2023-06-07,1.0453798794275355,0.011038108977355209
2023-06-08,1.0394113184513896,0.01097508726841552
2023-06-09,1.0097464521132598,0.010661857567057325
2023-06-10,1.034320383256657,0.010921332362106358
2023-06-11,1.030774540052723,0.010883891997630363
2023-06-12,1.0153450968196138,0.010720973350334185
2023-06-13,1.0370716771306592,0.010950383123659752
2023-06-14,1.0663045051794322,0.011259050956347851
2023-06-15,1.0291056414579718,0.01086627018863677
2023-06-16,1.055396814395168,0.011143877245874359
2023-06-17,1.0481030621454228,0.011066862914748525
2023-06-18,1.0550461670881954,0.011140174780136161
2023-06-19,1.0348177032120864,0.010926583536318403
2023-06-20,1.0477806518373687,0.011063458601937689
2023-06-21,1.044955420043388,0.01103362713393074
2023-06-22,1.0360555720538522,0.010939654125722294
2023-06-23,1.0154212523580262,0.010721777472499503
2023-06-24,1.0202999179178662,0.010773291035342395
2023-06-25,1.0225906722010882,0.010797478984542634
2023-06-26,0.9565398359603583,0.010100051816851335
2023-06-27,1.0026088531740247,0.010586492050197488
2023-06-28,0.9206555001277049,0.010822552748420264
2023-06-29,0.9507303490398556,0.011176090677327846
2023-06-30,0.9557642358797935,0.011235265369541435
2023-07-01,0.9522390660679118,0.011193826051326385
2023-07-02,0.9512846303541397,0.011182606403091142
2023-07-03,1.0316385167385624,0.012127187925512239
2023-07-04,1.0443374970665713,0.01227646785099138
2023-07-05,1.054105508164873,0.012391293445737582
2023-07-06,1.0709847321475674,0.012589713258446865
2023-07-07,1.0674509529866165,0.012548172735020508
2023-07-08,1.0692031526993064,0.012568770313391273
2023-07-09,1.073501997121366,0.012619304384505316
2023-07-10,1.140350959786898,0.013405131900361729
2023-07-11,1.1454129417723717,0.01346463685855917
2023-07-12,1.1573859676020777,0.013605382993874949
2023-07-13,1.2481574079779307,0.014672425662257953
2023-07-14,1.286817524229917,0.015126885715273597
2023-07-15,1.288442694695873,0.01514599003072117
2023-07-16,1.290430736906997,0.015169360001022756
2023-07-17,1.2695097510940867,0.014923428192134668
2023-07-18,1.27018707384016,0.014931390302985107
2023-07-19,1.2885109849893825,0.015146792801468327
2023-07-20,1.2587476785337801,0.014796917137836848
2023-07-21,1.2419460248018481,0.014599409184265394
2023-07-22,1.2476586058182,0.014666562108861527
2023-07-23,1.234688881724155,0.014514099517674283
2023-07-24,1.2564490008737694,0.014769895564377902
2023-07-25,1.2713933006159672,0.014945569822801064
2023-07-26,1.2851097097455664,0.015106809897186553
2023-07-27,1.2410466875317898,0.01458883723303882
2023-07-28,1.2609978387669185,0.014823368375908157
2023-07-29,1.2593796800416783,0.014804346485356478
2023-07-30,1.262890392430816,0.014845615852683021
2023-07-31,1.3762595360050625,0.01498044259795506
2023-08-01,1.3466153162385732,0.01465776833415877
2023-08-02,1.2836727883662944,0.013972645433213879
2023-08-03,1.2276496309349512,0.0133628391633205
2023-08-04,1.1911770846462917,0.012965839272104842
2023-08-05,1.1924881383942059,0.012980109956448637
2023-08-06,1.1924992858189045,0.012980231295012653
2023-08-07,1.167467938579662,0.012707767671214319
2023-08-08,1.2021199420088662,0.013084951141842365
2023-08-09,1.1742410094707818,0.012781491846809006
2023-08-10,1.180034645592858,0.01284455497632027
2023-08-11,1.2010022081955296,0.013072784724976631
2023-08-12,1.2002570927313254,0.013064674220272873
2023-08-13,1.2057106190964924,0.013124035290283663
2023-08-14,1.214684275892955,0.01322171261568362
2023-08-15,1.1846638886938852,0.01289494380831937
2023-08-16,1.183262494562885,0.01287968977825648
2023-08-17,1.1948351801892996,0.013005657263454743
2023-08-18,1.1589623965505784,0.012615185726604482
2023-08-19,1.1568906859413737,0.012592635371058277
2023-08-20,1.152765794649917,0.012547736356302791
2023-08-21,1.178969228536993,0.012832958021944502
2023-08-22,1.162900367195489,0.012658050129469769
2023-08-23,1.20400821802081,0.01310550483078401
2023-08-24,1.1818464589526034,0.012864276377207098
2023-08-25,1.1852520989403257,0.01290134641596844
2023-08-26,1.1870387443615562,0.01292079386644957
2023-08-27,1.1833428897456852,0.012880564871499859
2023-08-28,1.2118759455824923,0.013191144230933967
2023-08-29,1.2641073656989537,0.013759677832623354
2023-08-30,1.2509090497817166,0.013616015529972382
2023-08-31,1.2666627605016558,0.013787493040551442
2023-09-01,1.2515391065543686,0.013622873632727885
2023-09-02,1.2482456584325665,0.013587024790814526
2023-09-03,1.2434021932033965,0.01353430417312392
2023-09-04,1.2509722377992845,0.013616703325003253
2023-09-05,1.2445991334539044,0.013547332743859906
2023-09-06,1.251064394432293,0.013617706440414762
2023-09-07,1.2361451227518014,0.013455311712410439
2023-09-08,1.263492222199037,0.013752982059297956
2023-09-09,1.2639789949049816,0.013758280529818147
2023-09-10,1.2670836807615438,0.013792074714012444
2023-09-11,1.2511460073558631,0.013618594788640376
2023-09-12,1.2367294789630476,0.013461672369285334
2023-09-13,1.1973690496081102,0.013033238169807181
2023-09-14,1.1991071455651354,0.01305215716439561
2023-09-15,1.1765929578011942,0.0128070925609442
2023-09-16,1.1783826333490062,0.012826572994039533
2023-09-17,1.1798967359724895,0.012843053844377065
2023-09-18,1.1696409007241335,0.012731420139241733
2023-09-19,1.1454126995535134,0.012467698677269717
2023-09-20,1.1291471275240679,0.012290649609317524
2023-09-21,1.1275098822973277,0.012272828364489568
2023-09-22,1.1157701766674328,0.012145042883841039
2023-09-23,1.115777637738222,0.012145124096824313
2023-09-24,1.0944122195682473,0.012294326642736877
2023-09-25,1.1088924627484174,0.01245699372223413
2023-09-26,1.0773556807053286,0.01210271816429903
2023-09-27,1.0661764197401813,0.011977133413441495
2023-09-28,1.0835682677770047,0.012172508663153074
2023-09-29,1.0858732689153248,0.012198402413606235
2023-09-30,1.0836105435476422,0.012172983577562834
2023-10-01,1.0442745569138723,0.011731093894824563
2023-10-02,1.065368407640142,0.011968056427172934
2023-10-03,1.0103495943492324,0.011349990172063826
2023-10-04,1.0259668959673098,0.011525430654121429
2023-10-05,1.0501235005960041,0.011796799323599356
2023-10-06,1.0850010144355635,0.01218860374606759
2023-10-07,1.0841381686351803,0.012178910773051986
2023-10-08,1.0854479787484141,0.012193624820541704
2023-10-09,1.0986955608904752,0.01234244452409476
2023-10-10,1.1064558066029269,0.012429620995547555
2023-10-11,1.1083929486156805,0.012451382317499494
2023-10-12,1.0765905259680275,0.012094122625886338
2023-10-13,1.0545307577890584,0.011846309241856059
2023-10-14,1.0545569807536412,0.011846603823446393
2023-10-15,1.042988338224533,0.011716644866919004
2023-10-16,1.0169177971544485,0.011423775560511813
2023-10-17,1.0507347704154308,0.011803666161060145
2023-10-18,1.0342742594853156,0.011618753296910096
2023-10-19,1.0611212560214365,0.011920345091016442
2023-10-20,1.0437543717014657,0.011725250276851649
2023-10-21,1.0355398508049407,0.01163297060260303
2023-10-22,1.032933751311788,0.011603694395832486
2023-10-23,1.015627108284228,0.011409276315820543
2023-10-24,1.1156115015709525,0.012532473561121589
2023-10-25,1.1177124507880276,0.012556075048269378
2023-10-26,1.0775165399664215,0.012104525213109361
2023-10-27,1.0677982302358489,0.011995352387635903
2023-10-28,1.0621671314965653,0.011932094169187312
2023-10-29,1.0483618494632463,0.011777009418050587
2023-10-30,1.084186666673984,0.012179455586715357
2023-10-31,1.0860893850644207,0.012212780840955534
2023-11-01,1.0707376320243782,0.012040154537834644
2023-11-02,1.1546536352458816,0.012983767255615097
2023-11-03,1.162318609194286,0.013069957810711946
2023-11-04,1.150726926306075,0.01293961247759447
2023-11-05,1.1518051113954557,0.012951736376772263
2023-11-06,1.16661582785024,0.013118278870094844
2023-11-07,1.188172421938547,0.013360676929497953
2023-11-08,1.183486758616054,0.013307987915095406
2023-11-09,1.197442851615396,0.013464920399236063
2023-11-10,1.2135310486486628,0.013645827815508937
2023-11-11,1.2192793825704076,0.013710466272851683
2023-11-12,1.2220279792925817,0.013741373498214256
2023-11-13,1.2300373153058242,0.013831436311419544
2023-11-14,1.2011677172692627,0.013506805504199113
2023-11-15,1.187796312944526,0.013356447685773208
2023-11-16,1.2029990919837428,0.013527398816621813
2023-11-17,1.18152276612749,0.013285903351738135
2023-11-18,1.1818773766092552,0.013289890850517941
2023-11-19,1.1565608071628046,0.013005212887040752
2023-11-20,1.2067109736363906,0.013569137920009388
2023-11-21,1.2242852355083884,0.013766755732719656
2023-11-22,1.206605068727171,0.01356794704800192
2023-11-23,1.2112231142342427,0.013619875718392235
2023-11-24,1.2265346339049306,0.013792049608176636
2023-11-25,1.2240517705301448,0.013764130482300551
2023-11-26,1.2344267956026038,0.013880794827953688
2023-11-27,1.182536651531088,0.013297304218372379
2023-11-28,1.189162261400064,0.013371807406029144
2023-11-29,1.114225231769569,0.013394617080680998
2023-11-30,1.0991207466365789,0.013213039075813953
2023-12-01,1.134562998589663,0.013639106786230655
2023-12-02,1.1119276273423297,0.013366996514723369
2023-12-03,1.0979637630594548,0.013199130440878802
2023-12-04,1.116033644657317,0.013416356848785766
2023-12-05,1.0897997407979072,0.013100986951650942
2023-12-06,1.0817532972626247,0.013004256930697048
2023-12-07,1.0973191306344103,0.01319138101621576
2023-12-08,1.1289071052960034,0.013571114675876586
2023-12-09,1.140282855454499,0.013707867832270786
2023-12-10,1.1388838025485963,0.013691049169925095
2023-12-11,1.1209912162183822,0.013475954110467843
2023-12-12,1.120466843161006,0.013469650379309445
2023-12-13,1.1365191053837416,0.013662622051123723
2023-12-14,1.1259812754717822,0.013535941921732042
2023-12-15,1.1316377914766063,0.013603941517985158
2023-12-16,1.1233230797505462,0.013503986520978003
2023-12-17,1.1470973983106183,0.013789788605140596
2023-12-18,1.11612617870215,0.013417469243355665
2023-12-19,1.1242664093621233,0.013515326722732252
2023-12-20,1.0928152170063163,0.013137237386460606
2023-12-21,1.103491837213028,0.013265585978205962
2023-12-22,1.170764943756172,0.014074307120287961
2023-12-23,1.1776803817925698,0.014157440800805693
2023-12-24,1.1974860826778337,0.01439553429555746
2023-12-25,1.1810936090519166,0.014198472785044358
2023-12-26,1.1740992116297586,0.014202358899767143
2023-12-27,1.2763234409008704,0.015438902777813995
2023-12-28,1.2952370839908374,0.015667689531612208
2023-12-29,1.2402928858056113,0.0150030632254559
2023-12-30,1.238601185586456,0.014982599764254945
2023-12-31,1.2354278381852961,0.01494421372476314
2024-01-01,1.1822219460001968,0.0143006146413891
2024-01-02,1.2598629650876783,0.015239790485731465
2024-01-03,1.2175382886344357,0.014727814803138953
2024-01-04,1.2271492962226307,0.014844073274147086
2024-01-05,1.181335374982686,0.014289890334911334
2024-01-06,1.1859946344101924,0.014346250541903312
2024-01-07,1.1872387791311463,0.01436130019841889
2024-01-08,1.0525131904433414,0.0127316072861218
2024-01-09,1.0343398999038604,0.012511776123580452
2024-01-10,1.0029117809008232,0.012131609421137866
2024-01-11,0.955940949511085,0.011563432048553212
2024-01-12,0.9366502389580358,0.011330084140648879
2024-01-13,0.9368860316127762,0.011332936379944656
2024-01-14,0.9603352277175851,0.011616586940044459
2024-01-15,0.9441677531821796,0.011421018904924201
2024-01-16,0.9236063695634531,0.011172300443369667
2024-01-17,0.965124611216286,0.011674521178210545
2024-01-18,0.9749122597435361,0.011792916366446665
2024-01-19,0.9554411551819071,0.01155738634273147
2024-01-20,0.9543592691574613,0.011544299430266473
2024-01-21,0.9571112447335215,0.011577588392926065
2024-01-22,0.9838742966548822,0.011901324636742
2024-01-23,0.9340289235096567,0.011298375693510323
2024-01-24,0.9302832621530974,0.011253066722704524
2024-01-25,0.9476771186177554,0.011463469548730785
2024-01-26,0.9775952327624864,0.011825370647444461
2024-01-27,0.9705584224330411,0.011740250663699948
2024-01-28,0.9725085382026611,0.011763840019507277
2024-01-29,0.9812436824987237,0.011869503708831903
2024-01-30,0.9998818397164239,0.012094958078798327
2024-01-31,0.9730424838582765,0.011770298833003536
2024-02-01,0.9662587998183638,0.011688240762916148
2024-02-02,0.9573254548964624,0.011580179562040164
2024-02-03,0.9616366315153668,0.011632329224535018
2024-02-04,0.9708653076889349,0.011743962866639935
2024-02-05,0.9507461427370238,0.011500593653390893
2024-02-06,1.0167827110481902,0.011558635085926368
2024-02-07,1.0083505387220912,0.011462779401285006
2024-02-08,1.1414196620291917,0.012975489462931616
2024-02-09,1.2059055711537632,0.013708555715589217
2024-02-10,1.1901517682491995,0.0135294688202173
2024-02-11,1.1772718510636626,0.013383051831546141
2024-02-12,1.263422606962779,0.014362400849772524
2024-02-13,1.2131969018058835,0.013791442481250096
2024-02-14,1.3067458309114652,0.014854892835452048
2024-02-15,1.2160633060803399,0.01382402733999836
2024-02-16,1.1797970167100935,0.013411757540171461
2024-02-17,1.1911514370207459,0.013540832906576705
2024-02-18,1.1806493682177246,0.013421446945719567
2024-02-19,1.1884795045373435,0.013510458774311961
2024-02-20,1.1861027433146014,0.013483440105169038
2024-02-21,1.1416933052691602,0.012978600198706487
2024-02-22,1.22276511786567,0.013900212542598172
2024-02-23,1.1919961462821653,0.013550435436203101
2024-02-24,1.1726002767042891,0.01332994606695156
2024-02-25,1.1689252397727796,0.013288168792065727
2024-02-26,1.2843275154175613,0.01460830679189711
2024-02-27,1.3426658282667026,0.015271863370411162
2024-02-28,1.3544605338091722,0.015406019709052294
2024-02-29,1.4694123140408595,0.016713513982702002
2024-03-01,1.5198019810824202,0.017286660400923328
2024-03-02,1.529866685702166,0.017401139216560373
2024-03-03,1.5023167151856816,0.017087778008783337
2024-03-04,1.7164096275722167,0.019522931743768474
2024-03-05,1.4482846120780701,0.016473201485792018
2024-03-06,1.6573756671827842,0.018851462672089238
2024-03-07,1.7077898306040715,0.019424887719107376
2024-03-08,1.8350556365924275,0.02087244522735831
2024-03-09,1.8297301630276674,0.02081187177493885
2024-03-10,1.7096230167907989,0.020654800386732383
2024-03-11,1.703339875881445,0.020578890656920708
2024-03-12,1.8450075861623227,0.022290448262520624
2024-03-13,2.00026533160351,0.02416619379769801
2024-03-14,1.943999147973956,0.023486414232274735
2024-03-15,2.12564969151339,0.025681024201899143
2024-03-16,2.258713081288339,0.02728862876009155
2024-03-17,2.1571393681120337,0.026061466543865663
2024-03-18,1.8414192174423918,0.022247095407010233
2024-03-19,1.8132734438183167,0.02289511390457972
2024-03-20,1.80351113036136,0.022771851040210747
2024-03-21,1.9340313642017006,0.02441985158354545
2024-03-22,1.8912298458706558,0.023879422537491205
2024-03-23,1.8828621528956015,0.023773768707708646
2024-03-24,1.7940326225691738,0.022652171619389042
2024-03-25,2.101145055165137,0.026529895715425415
2024-03-26,2.124026271658769,0.02681880308330365
2024-03-27,2.1883965357093675,0.02763156771763422
2024-03-28,1.9082590788737432,0.024094440427177115
2024-03-29,1.9315243452996078,0.024388196962715908
2024-03-30,1.9383890944411146,0.02447487402405874
2024-03-31,1.8925107861763242,0.023895596200819935
2024-04-01,1.859747663012646,0.023481915936952716
2024-04-02,1.9105846672500708,0.02412380423380689
2024-04-03,1.9278716440230068,0.024342076499157424
2024-04-04,1.8674944597648226,0.023579730083319535
2024-04-05,1.6800049128018286,0.02121241226466962
2024-04-06,1.6541945627518957,0.020886520487935753
2024-04-07,1.643070530437416,0.020746064018015844
2024-04-08,1.6728359551840866,0.021121894145742295
2024-04-09,1.6506968216248414,0.020842356613046585
2024-04-10,1.7570418035581308,0.02218511078111959
2024-04-11,1.7542243893814644,0.022149536985721516
2024-04-12,1.7438790843468206,0.022018913037108984
2024-04-13,1.8360821595888475,0.02318310584940401
2024-04-14,1.7825332717910156,0.02250697622881395
2024-04-15,1.6680888314599545,0.021061955067742968
2024-04-16,1.556420717128431,0.01965198890635356
2024-04-17,1.5355357121276194,0.019388286501169485
2024-04-18,1.5065516094691727,0.01902232165783632
2024-04-19,1.456505430583736,0.01839041863737502
2024-04-20,1.4307147635408226,0.01806477538614029
2024-04-21,1.4322087263150385,0.018083638756141922
2024-04-22,1.5688824195214,0.0198093353323461
2024-04-23,1.5964989828986715,0.02015803307913725
2024-04-24,1.5595025219496004,0.019690901003507406
2024-04-25,1.5235237800847834,0.01923661905505298
2024-04-26,1.5930184231882227,0.020114086143668646
2024-04-27,1.601462883810227,0.020220709272387945
2024-04-28,1.6092251827351336,0.020318719155372224
2024-04-29,1.6040150034533092,0.020252933353166098
2024-04-30,1.3910593972889522,0.017564070911390717
2024-05-01,1.397982797730483,0.017651488527446507
2024-05-02,1.5129212950868687,0.0191027478496226
2024-05-03,1.540174903363639,0.019446862780514388
2024-05-04,1.516029337885656,0.01914199123794946
2024-05-05,1.512722682436834,0.01910024008706702
2024-05-06,1.5909685013600616,0.02008820301285281
2024-05-07,1.5976458524978032,0.020172513912237924
2024-05-08,1.5960996061962076,0.020152990389561157
2024-05-09,1.5873000893868079,0.020041884179770632
2024-05-10,1.537896590999774,0.019418095899678665
2024-05-11,1.5378729739080819,0.019417797700856956
2024-05-12,1.5214881649481486,0.019210916566231993
2024-05-13,1.5687868041469009,0.019808128054482052
2024-05-14,1.6696430553224162,0.021081579318285866
2024-05-15,1.7968619626938171,0.022687895996564116
2024-05-16,1.7483123908201685,0.022074889733302953
2024-05-17,1.8715516174160156,0.023630957374420922
2024-05-18,1.8746569553930044,0.02367016661058867
2024-05-19,1.8933937336146978,0.023906744647427498
2024-05-20,1.914617012780722,0.024174718237175558
2024-05-21,1.869323298539183,0.023602821731297303
2024-05-22,1.8871033493678846,0.023827319746387153
2024-05-23,1.8002326958093993,0.022730456217630764
2024-05-24,1.9472563236128164,0.024586835197149444
2024-05-25,1.926457279953292,0.02432421817415462
2024-05-26,1.9474839023832624,0.02458970869749733
2024-05-27,1.9228869642728366,0.024279137944000693
2024-05-28,1.9428057353228307,0.02453064029384405
2024-05-29,1.897059311409488,0.02395302769504171
2024-05-30,1.7852102135665187,0.022540776363633663
2024-05-31,1.788943161508632,0.0225879100536052
2024-06-01,1.7832486316141074,0.022516008647332116
2024-06-02,1.7820730560336249,0.022501165361058693
2024-06-03,1.8732634677483107,0.0236525718796568
2024-06-04,1.8392134581355075,0.023222642874081365
2024-06-05,1.8881917410398898,0.02384106221385024
2024-06-06,1.85428121031075,0.023412894324304837
2024-06-07,1.8230885036397346,0.023019042765589463
2024-06-08,1.8240568565230735,0.023031269575417544
2024-06-09,1.8150942656749731,0.022918104327756216
2024-06-10,1.822876434542881,0.023016365096567917
2024-06-11,1.8296414775071972,0.023101783227939897
2024-06-12,1.8611823863022263,0.02350003132558783
2024-06-13,1.76046087392069,0.02222828132755065
2024-06-14,1.7943270674819043,0.022655889398325565
2024-06-15,1.7894501105846798,0.022594310994886013
2024-06-16,1.7774187630847706,0.02244239840146273
2024-06-17,1.795355255401649,0.02266887170919441
2024-06-18,1.7865561992306904,0.022557771315608613
2024-06-19,1.7915189639641165,0.02262043316302097
2024-06-20,1.7902334491474823,0.02260420174009179
2024-06-21,1.833377414803541,0.023148954662690548
2024-06-22,1.8289153128422364,0.023092614383177716
2024-06-23,1.8599405172887766,0.023484350991982088
2024-06-24,1.8028827266323193,0.022763916564027077
2024-06-25,1.9167060439734809,0.024201095178431435
2024-06-26,1.8985124635278312,0.02397137577342093
2024-06-27,1.9610545938701442,0.02476105766221928
2024-06-28,1.8086039342043378,0.022836154813299224
2024-06-29,1.791754523531909,0.022623407432100083
2024-06-30,1.7405585157794141,0.021976986213640675
2024-07-01,1.7212449447593983,0.02173312536081954
2024-07-02,1.6856291111869148,0.021283425637245876
2024-07-03,1.7137724893638178,0.021638775157869206
2024-07-04,1.8099081961985044,0.02285262294557109
2024-07-05,1.791508486741641,0.02262030087343012
2024-07-06,1.7410799982934122,0.021983570659907144
2024-07-07,1.8175961412354642,0.02294969400670277
2024-07-08,1.8025333379161264,0.022759505042708284
2024-07-09,1.7772874855159786,0.022440740838506158
2024-07-10,1.790915048101413,0.02261280788040708
2024-07-11,1.8763092892558126,0.023691029637136794
2024-07-12,1.9105910341990546,0.024123884625444847
2024-07-13,1.8676101762496478,0.023581191165821868
2024-07-14,1.8198094224651513,0.02297763977849428
2024-07-15,1.967191318616507,0.024838542397104698
2024-07-16,2.0248373992049453,0.02556640480843835
2024-07-17,1.9639583743473654,0.024797721952983874
2024-07-18,1.9252699073446629,0.024309225933897408
2024-07-19,2.1114577919942334,0.026660108444881658
2024-07-20,2.0972011273373625,0.026480098109247386
2024-07-21,2.0667106468492102,0.026095113138469007
2024-07-22,2.1094186386938136,0.02663436128179318
2024-07-23,2.0683684012682573,0.02611604460712272
2024-07-24,2.026484487447743,0.025587201601695485
2024-07-25,1.934272006428851,0.024422890028309333
2024-07-26,2.0440128758910316,0.025808522027106744
2024-07-27,2.046988667630999,0.02584609556080357
2024-07-28,2.033717186494672,0.025678524545337277
2024-07-29,1.9969896585047777,0.025214788124540435
2024-07-30,1.9190184156486565,0.024230292105719677
2024-07-31,1.978702366013267,0.024983885473852607
2024-08-01,1.8319865953291525,0.023131393621141416
2024-08-02,1.8672872272675722,0.023577113483134134
2024-08-03,1.8899042828552053,0.0238626854500266
2024-08-04,1.9732542166719906,0.024915094966738015
2024-08-05,1.7838450452309735,0.022523539203597055
2024-08-06,2.0775291118409545,0.023344118219723976
