Date,MSTR/BTC Ratio,BTC per Share,NAV Premium
2024-08-06,0.023344118219723976,0.011236481879687418,2.0775291118409545
2024-03-19,0.02289511390457972,0.012626398948615343,1.8132734438183167
2024-03-10,0.020654800386732383,0.012081494097748127,1.7096230167907989
2024-02-26,0.01460830679189711,0.011374284687148238,1.2843275154175613
2024-02-06,0.011558635085926368,0.011367851715348994,1.0167827110481902
2023-12-26,0.014202358899767143,0.012096387391362737,1.1740992116297586
2023-11-29,0.013394617080680998,0.012021462715763662,1.114225231769569
2023-10-31,0.012212780840955534,0.011244729033265656,1.0860893850644207
2023-09-24,0.012294326642736877,0.01123372566836568,1.0944122195682473
2023-07-31,0.01498044259795506,0.010884896493752582,1.3762595360050625
2023-06-28,0.010822552748420264,0.011755268661208301,0.9206555001277049
2023-04-06,0.010344407053960692,0.010558945312205387,0.9796818477697102
2023-03-23,0.009293789817863026,0.012031986007204211,0.7724235892809652
2022-12-27,0.008837618547975259,0.011456486965544075,0.7714073759743989
2022-09-20,0.010407188680846858,0.011490392264314378,0.9057296253643474
2022-06-29,0.00893801198551285,0.011480327506085417,0.7785502618087374
2022-04-04,0.010751420877632556,0.012562145766699397,0.8558586309460893
2022-01-31,0.009562893080165008,0.011149141420445426,0.8577246192813074
2021-12-30,0.011919507756093926,0.011258734296368705,1.0586898529027673
2021-12-09,0.012415642335671325,0.01120701645224457,1.1078454634716528
2021-11-29,0.012031158806096382,0.011686394531551712,1.029501337954478
2021-09-12,0.013363576089765121,0.01169954870340714,1.142230049085003
2021-08-23,0.014501833793841505,0.01118146554952208,1.2969528662958982
2021-06-21,0.01842584944988944,0.010782723262521818,1.7088307843282329
2021-05-18,0.01135415516403702,0.009448273526795196,1.201717449419385
2021-05-13,0.009817324552960574,0.00942477571906883,1.0416507347859232
2021-04-05,0.012200742748258676,0.008824850155144833,1.3825438997562716
2021-03-12,0.013674715192428433,0.009526004952529567,1.4355141804537068
2021-03-05,0.012676765952996273,0.009498676335295013,1.3345823676391806
2021-03-01,0.01576506990265236,0.009477293256924467,1.6634570098518164
2021-02-24,0.01645075023193327,0.009443080331531592,1.7420957626509033
2021-02-02,0.0193724129279652,0.007414102430374466,2.612914120069252
2021-01-22,0.01748270602611405,0.00763829463504331,2.288823207461271
2020-12-21,0.013927942094330382,0.007604410925230307,1.831560949464151
2020-12-05,0.01712415440208521,0.004405313915305833,3.887158720423761
2020-09-14,0.013352884537492213,0.003948925169674732,3.381397206519381
2020-08-11,0.011821541495405232,0.0022149082507242276,5.337260128738896
2020-08-06,0.0,0.0,0
