market,stock_name,stock_id
NYSE,NUE,20153
NYSE,VLO,16158
NYSE,ARCH,72785
OB,ARCH,996135
TSXV,ARCH,886032
NYSE,COP,16312
XTRA,COP,74645
NYSE,AMR,220113
NYSE,BXC,30642
ENXTPA,SU,6631
TSX,SU,16150
TSX,TA,11218
NYSE,CVX,16165
TSXV,CVX,59888
CNSX,LTHM,711524
NYSE,MHO,14536
NYSE,XOM,16099
Nasdaq,HLIT,21554
Nasdaq,SMCI,51834
NYSE,DINO,276591
NYSE,MOD,14161
NYSE,MPC,16384
NYSE,TEX,9999
NYSE,JXN,257246
NYSE,URI,10761
NYSE,ASC,16326
LSE,ASC,272721
JSE,ASC,33661
BIT,ASC,38154
Nasdaq,PERI,30476
NYSE,TGLS,287157
Nasdaq,ACLS,22978
NYSE,CAAP,4163
Nasdaq,POWL,11088
NYSE,UBER,36545
NYSE,CRM,23460
Nasdaq,AMPH,29656
NYSE,GRBK,265323
Nasdaq,STRL,10796
Nasdaq,META,26962
OM,META,300893
Nasdaq,GOOGL,26969
Nasdaq,TMUS,11876
NYSE,ANF,26222
NYSE,CLS,995232
JSE,CLS,18820
TSX,MFC,24975
Nasdaq,APP,227043
Nasdaq,CMCSA,23810
NYSE,MHO,14536
NYSE,MOD,14161
Nasdaq,PEP,19083
NYSE,TWLO,24007
Nasdaq,OKTA,24013
NYSE,CAH,26722
NYSE,RCL,18254
Nasdaq,SMCI,51834
NYSE,EAT,18278
LSE,EAT,35998
WSE,EAT,18191
Nasdaq,GCT,292594
NYSE,GM,14400
Nasdaq,BLBD,10107
Nasdaq,SKYW,12967
Nasdaq,SFM,18838
