"Open Time ET","Side","Qty Open","Symbol","Descrip","Avg Price Open","Qty Closed","Closed Time ET","Avg Price Closed","DD as %","DD $","DD Time ET","DD Quant","DD Worst Price","Trade P/L"
"2024-05-07 12:16:08","LONG","196","BITO","PROSHARES BITCOIN STRATEGY ETF","25.9071","196","2024-05-10 11:38:53","24.7341","-0.40","-252.28","2024-05-10 11:11:00","196","24.6200","-234.00"
"2024-05-07 12:16:08","LONG","229","TQQQ","PROSHARES ULTRAPRO QQQ","59.0919","229","2024-05-10 11:38:53","58.8550","-0.60","-376.00","2024-05-08 00:00:00","229","57.4500","-59.00"
"2024-05-07 12:16:07","LONG","318","SVIX","VS TR -1X SHORT VIX FUTURES ETF","42.7414","318","2024-05-10 11:38:53","43.5812","-0.07","-42.02","2024-05-07 15:18:00","318","42.6093","261.00"
"2024-02-23 12:47:57","LONG","539","SVIX","VS TR -1X SHORT VIX FUTURES ETF","39.4074","539","2024-04-30 11:59:12","40.1701","-3.27","-2015.02","2024-04-19 00:00:00","433","34.6101","400.00"
"2024-02-23 12:47:57","LONG","478","TQQQ","PROSHARES ULTRAPRO QQQ","57.3847","478","2024-04-30 11:59:12","55.7404","-2.59","-1598.86","2024-04-19 00:00:00","136","48.8500","-796.00"
"2024-02-23 12:47:56","LONG","271","BITO","PROSHARES BITCOIN STRATEGY ETF","26.4538","271","2024-04-30 11:59:12","26.7021","-0.02","-15.77","2024-02-23 15:24:00","166","24.1000","62.00"
"2024-01-22 15:58:28","LONG","763","BITO","PROSHARES BITCOIN STRATEGY ETF","19.3950","763","2024-02-23 12:21:27","24.1950","-1.03","-598.96","2024-01-23 00:00:00","763","18.6100","3657.00"
"2023-11-30 15:29:02","LONG","753","SVIX","VS TR -1X SHORT VIX FUTURES ETF","34.2200","753","2024-02-23 12:21:24","39.6126","-1.08","-602.40","2023-12-20 00:00:00","753","33.4200","4051.00"
"2023-11-30 15:29:05","LONG","299","TQQQ","PROSHARES ULTRAPRO QQQ","43.0700","299","2024-02-23 12:11:47","57.4646","-0.78","-400.66","2023-12-04 00:00:00","299","41.7300","4298.00"
"2023-11-30 15:29:05","LONG","682","BITO","PROSHARES BITCOIN STRATEGY ETF","18.8700","682","2024-01-22 14:40:52","19.1109","-0.05","-27.28","2023-11-30 15:56:00","682","18.8300","159.00"
"2023-05-03 15:54:00","LONG","970.650000000","SVIX","VS TR -1X SHORT VIX FUTURES ETF","19.0779","970.650000000","2023-11-30 15:11:15","33.1356","-4.31","-1291.05","2023-05-04 00:00:00","855","16.6800","13637.00"
"2023-05-03 15:54:00","LONG","197.100000000","TQQQ","PROSHARES ULTRAPRO QQQ","26.9300","197.100000000","2023-11-30 15:11:13","43.1200","-0.43","-127.33","2023-05-04 00:00:00","197","26.2840","3187.00"
"2023-05-01 15:51:13","LONG","1049.850000000","BITO","PROSHARES BITCOIN STRATEGY ETF","15.3520","1049.850000000","2023-11-30 15:11:11","18.0427","-6.39","-2689.68","2023-09-11 00:00:00","1050","12.7900","2813.00"
"2023-05-02 15:49:54","LONG","1674.900000000","SVIX","VS TR -1X SHORT VIX FUTURES ETF","18.4700","1674.900000000","2023-05-03 15:34:00","18.0700","-1.04","-324.09","2023-05-03 15:34:00","754","18.0400","-678.00"
"2023-05-02 15:50:20","LONG","387","TQQQ","PROSHARES ULTRAPRO QQQ","27.3700","387","2023-05-03 15:32:53","26.9200","-0.25","-78.37","2023-05-03 15:32:00","174","26.9200","-182.00"
"2023-05-01 15:57:01","LONG","247.500000000","BIL","SPDR BLOOMBERG 1-3 MONTH T-BILL","91.4500","247.500000000","2023-05-03 15:23:15","91.4200","-0.01","-4.45","2023-05-02 00:00:00","112","91.4100","-12.00"
"2023-03-27 15:57:53","LONG","900","SVIX","VS TR -1X SHORT VIX FUTURES ETF","15.5300","900","2023-05-02 10:36:54","17.7800","-0.19","-52.61","2023-03-28 00:00:00","405","15.4001","2020.00"
"2023-04-26 09:30:50","LONG","202.050000000","TQQQ","PROSHARES ULTRAPRO QQQ","26.0200","202.050000000","2023-05-02 10:31:05","27.4900","-0.15","-46.37","2023-04-26 15:50:00","91","25.5100","293.00"
"2023-04-28 09:35:01","SHORT","0.450000000","BIL","SPDR BLOOMBERG 1-3 MONTH T-BILL","91.7700","0.450000000","2023-05-01 09:56:13","91.4500","0.00","0.00","2023-04-28 09:38:00","0","91.7800","0.00"
"2023-04-27 13:40:45","LONG","1080","TMF","DIREXION DAILY 20-YR TREASURY BULL 3X SHRS","8.4700","1080","2023-05-01 09:30:01","8.6300","-0.09","-29.16","2023-04-27 14:02:00","486","8.4100","168.00"
"2023-03-27 15:58:53","LONG","567.900000000","BITO","PROSHARES BITCOIN STRATEGY ETF","16.6138","567.900000000","2023-05-01 09:30:01","16.5450","-0.48","-149.19","2023-04-24 00:00:00","256","16.0300","-44.00"
"2023-03-27 15:54:43","LONG","225","TQQQ","PROSHARES ULTRAPRO QQQ","25.3800","225","2023-04-25 12:00:16","25.8400","-0.39","-110.36","2023-03-28 00:00:00","101","24.2900","100.00"
"2023-04-20 14:48:09","LONG","90","SPXL","DIREXION DAILY S&P500 BULL 3X","73.5900","90","2023-04-25 09:47:53","72.9975","-0.07","-22.28","2023-04-21 00:00:00","40","73.0400","-55.00"
"2023-04-20 14:23:57","LONG","45","SPXL","DIREXION DAILY S&P500 BULL 3X","74.5600","45","2023-04-20 14:26:18","74.3900","-0.01","-3.65","2023-04-20 14:26:00","20","74.3800","-9.00"
"2023-04-20 14:08:27","LONG","90","SPXL","DIREXION DAILY S&P500 BULL 3X","74.5800","90","2023-04-20 14:19:00","74.4500","-0.02","-6.48","2023-04-20 14:19:00","40","74.4199","-14.00"
"2023-04-18 10:32:41","LONG","1800","TMF","DIREXION DAILY 20-YR TREASURY BULL 3X SHRS","8.4375","1800","2023-04-20 14:01:28","8.5100","-0.16","-52.65","2023-04-19 00:00:00","202","8.1800","111.00"
